url,coverage,verdict,lastCrawl
https://toolzum.com/tools,Crawled - currently not indexed,NEUTRAL,2026-07-28T20:13:54Z
https://toolzum.com/pricing,Crawled - currently not indexed,NEUTRAL,2026-07-28T07:32:22Z
https://toolzum.com/,Submitted and indexed,PASS,2026-09-28T02:58:44Z
https://toolzum.com,Submitted and indexed,PASS,2026-09-28T02:58:44Z
https://toolzum.com/blog,Crawled - currently not indexed,NEUTRAL,2026-07-31T08:56:43Z
https://toolzum.com/about,Crawled - currently not indexed,NEUTRAL,2026-07-12T06:44:16Z
https://toolzum.com/contact,Page with redirect,NEUTRAL,2026-07-24T17:07:11Z
https://toolzum.com/changelog,Crawled - currently not indexed,NEUTRAL,2026-08-02T03:43:50Z
https://toolzum.com/extension,Crawled - currently not indexed,NEUTRAL,2026-08-01T05:36:35Z
https://toolzum.com/careers,Crawled - currently not indexed,NEUTRAL,2026-08-01T11:37:25Z
https://toolzum.com/product,Crawled - currently not indexed,NEUTRAL,2026-07-25T02:03:45Z
https://toolzum.com/terms,Page with redirect,NEUTRAL,2026-07-27T20:24:47Z
https://toolzum.com/privacy-policy,URL is unknown to Google,NEUTRAL,None
https://toolzum.com/status,URL is unknown to Google,NEUTRAL,None
https://toolzum.com/cookies,Crawled - currently not indexed,NEUTRAL,2026-08-01T05:33:33Z
https://toolzum.com/security,URL is unknown to Google,NEUTRAL,None
https://toolzum.com/faq,Crawled - currently not indexed,NEUTRAL,2026-08-01T07:51:42Z
https://toolzum.com/premium-tools,URL is unknown to Google,NEUTRAL,None
https://toolzum.com/billing,URL is unknown to Google,NEUTRAL,None
https://toolzum.com/login,Crawled - currently not indexed,NEUTRAL,2026-09-21T01:49:02Z
https://toolzum.com/roadmap,ERROR-0,,
https://toolzum.com/sign-in,URL is unknown to Google,NEUTRAL,None
https://toolzum.com/forgot-password,URL is unknown to Google,NEUTRAL,None
https://toolzum.com/sign-up,URL is unknown to Google,NEUTRAL,None
https://toolzum.com/image/,Crawled - currently not indexed,NEUTRAL,2026-09-15T12:07:53Z
https://toolzum.com/video/,Crawled - currently not indexed,NEUTRAL,2026-07-19T03:01:30Z
https://toolzum.com/converter/,Crawled - currently not indexed,NEUTRAL,2026-09-15T17:40:24Z
https://toolzum.com/utility/,Crawled - currently not indexed,NEUTRAL,2026-09-15T12:17:57Z
https://toolzum.com/developer/,Crawled - currently not indexed,NEUTRAL,2026-09-15T12:09:55Z
https://toolzum.com/privacy/,URL is unknown to Google,NEUTRAL,None
https://toolzum.com/ai/,Crawled - currently not indexed,NEUTRAL,2026-09-15T12:15:56Z
https://toolzum.com/pdf/,Crawled - currently not indexed,NEUTRAL,2026-07-19T14:29:35Z
https://toolzum.com/finance/,Crawled - currently not indexed,NEUTRAL,2026-07-19T11:24:40Z
https://toolzum.com/calculator/,Crawled - currently not indexed,NEUTRAL,2026-09-15T12:09:55Z
https://toolzum.com/branding/,URL is unknown to Google,NEUTRAL,None
https://toolzum.com/text/,Crawled - currently not indexed,NEUTRAL,2026-09-15T12:09:55Z
https://toolzum.com/extension/,Crawled - currently not indexed,NEUTRAL,2026-07-31T22:54:14Z
https://toolzum.com/transcription/,URL is unknown to Google,NEUTRAL,None
https://toolzum.com/audio/,Crawled - currently not indexed,NEUTRAL,2026-08-01T01:59:12Z
https://toolzum.com/health/,URL is unknown to Google,NEUTRAL,None
https://toolzum.com/indian-utilities/,Crawled - currently not indexed,NEUTRAL,2026-09-15T12:11:55Z
https://toolzum.com/productivity/,Crawled - currently not indexed,NEUTRAL,2026-08-22T17:54:14Z
https://toolzum.com/design/,Crawled - currently not indexed,NEUTRAL,2026-08-26T11:36:08Z
https://toolzum.com/growth-metrics/,URL is unknown to Google,NEUTRAL,None
https://toolzum.com/image/add-text-to-photo/,URL is unknown to Google,NEUTRAL,None
https://toolzum.com/image/batch-image-editor/,URL is unknown to Google,NEUTRAL,None
https://toolzum.com/video/video-to-mp3/,URL is unknown to Google,NEUTRAL,None
https://toolzum.com/seo/,Crawled - currently not indexed,NEUTRAL,2026-07-19T06:09:30Z
https://toolzum.com/video/crop-video/,Crawled - currently not indexed,NEUTRAL,2026-08-01T09:33:54Z
https://toolzum.com/converter/json-to-xml/,URL is unknown to Google,NEUTRAL,None
https://toolzum.com/utility/time-converter/,URL is unknown to Google,NEUTRAL,None
https://toolzum.com/developer/random-port-generator/,URL is unknown to Google,NEUTRAL,None
https://toolzum.com/developer/chmod-calculator/,Crawled - currently not indexed,NEUTRAL,2026-08-04T21:25:19Z
https://toolzum.com/developer/docker-run-to-compose/,Crawled - currently not indexed,NEUTRAL,2026-10-03T13:59:24Z
https://toolzum.com/developer/email-normalizer/,Crawled - currently not indexed,NEUTRAL,2026-07-30T07:42:14Z
https://toolzum.com/pdf/heic-to-pdf/,Crawled - currently not indexed,NEUTRAL,2026-08-26T04:12:50Z
https://toolzum.com/converter/archive-converter/,URL is unknown to Google,NEUTRAL,None
https://toolzum.com/privacy/privacy-cleaner/,URL is unknown to Google,NEUTRAL,None
https://toolzum.com/ai/ai-translator/,URL is unknown to Google,NEUTRAL,None
https://toolzum.com/pdf/pdf-to-word/,Crawled - currently not indexed,NEUTRAL,2026-07-19T07:25:24Z
https://toolzum.com/ai/ai-image-generator/,Crawled - currently not indexed,NEUTRAL,2026-08-01T08:13:39Z
https://toolzum.com/utility/speed-test/,URL is unknown to Google,NEUTRAL,None
https://toolzum.com/image/compress-image-to-50kb/,Crawled - currently not indexed,NEUTRAL,2026-07-19T04:01:28Z
https://toolzum.com/finance/currency-converter/,Crawled - currently not indexed,NEUTRAL,2026-07-20T04:02:37Z
https://toolzum.com/branding/logo-maker/,URL is unknown to Google,NEUTRAL,None
https://toolzum.com/pdf/pdf-compressor/,Crawled - currently not indexed,NEUTRAL,2026-08-02T05:41:53Z
https://toolzum.com/pdf/word-to-pdf/,Crawled - currently not indexed,NEUTRAL,2026-08-26T13:52:51Z
https://toolzum.com/calculator/percentage-calculator/,Crawled - currently not indexed,NEUTRAL,2026-07-28T12:14:51Z
https://toolzum.com/pdf/jpg-to-pdf/,Crawled - currently not indexed,NEUTRAL,2026-09-18T18:03:31Z
https://toolzum.com/calculator/age-calculator/,Crawled - currently not indexed,NEUTRAL,2026-09-04T01:19:04Z
https://toolzum.com/image/heic-to-jpg/,Crawled - currently not indexed,NEUTRAL,2026-08-26T03:18:17Z
https://toolzum.com/pdf/pdf-to-jpg/,Crawled - currently not indexed,NEUTRAL,2026-08-03T20:31:59Z
https://toolzum.com/pdf/pdf-to-ppt/,Crawled - currently not indexed,NEUTRAL,2026-08-30T07:01:51Z
https://toolzum.com/text/fancy-text-generator/,URL is unknown to Google,NEUTRAL,None
https://toolzum.com/image/webp-to-jpg/,URL is unknown to Google,NEUTRAL,None
https://toolzum.com/image/png-to-jpg/,Crawled - currently not indexed,NEUTRAL,2026-07-27T19:04:46Z
https://toolzum.com/utility/wheel-of-names/,URL is unknown to Google,NEUTRAL,None
https://toolzum.com/image/image-compressor/,URL is unknown to Google,NEUTRAL,None
https://toolzum.com/image/object-remover/,URL is unknown to Google,NEUTRAL,None
https://toolzum.com/extension/screen-recorder-extension/,Crawled - currently not indexed,NEUTRAL,2026-07-24T19:13:41Z
https://toolzum.com/pdf/ppt-to-pdf/,URL is unknown to Google,NEUTRAL,None
https://toolzum.com/utility/qr-code-generator/,Crawled - currently not indexed,NEUTRAL,2026-08-01T08:02:25Z
https://toolzum.com/pdf/pdf-merger/,URL is unknown to Google,NEUTRAL,None
https://toolzum.com/finance/emi-calculator/,URL is unknown to Google,NEUTRAL,None
https://toolzum.com/text/character-counter/,Crawled - currently not indexed,NEUTRAL,2026-07-19T18:28:35Z
https://toolzum.com/transcription/video-to-text-transcription/,URL is unknown to Google,NEUTRAL,None
https://toolzum.com/pdf/excel-to-pdf/,URL is unknown to Google,NEUTRAL,None
https://toolzum.com/image/crop-image/,URL is unknown to Google,NEUTRAL,None
https://toolzum.com/branding/social-media-post-maker/,URL is unknown to Google,NEUTRAL,None
https://toolzum.com/text/word-counter/,Crawled - currently not indexed,NEUTRAL,2026-08-01T19:27:36Z
https://toolzum.com/converter/mkv-to-mp4/,Crawled - currently not indexed,NEUTRAL,2026-07-31T04:28:18Z
https://toolzum.com/audio/text-to-speech-tts/,Crawled - currently not indexed,NEUTRAL,2026-07-19T18:46:37Z
https://toolzum.com/ai/ai-paraphrasing-tool/,Crawled - currently not indexed,NEUTRAL,2026-07-21T20:53:53Z
https://toolzum.com/utility/random-number-generator/,URL is unknown to Google,NEUTRAL,None
https://toolzum.com/utility/url-shortener/,Crawled - currently not indexed,NEUTRAL,2026-07-23T17:01:15Z
https://toolzum.com/pdf/pdf-to-excel/,URL is unknown to Google,NEUTRAL,None
https://toolzum.com/pdf/unlock-pdf/,URL is unknown to Google,NEUTRAL,None
https://toolzum.com/image/image-enhancer/,URL is unknown to Google,NEUTRAL,None
https://toolzum.com/finance/sip-calculator/,URL is unknown to Google,NEUTRAL,None
https://toolzum.com/health/bmi-calculator/,URL is unknown to Google,NEUTRAL,None
https://toolzum.com/transcription/audio-to-text-transcription/,Crawled - currently not indexed,NEUTRAL,2026-08-26T14:29:24Z
https://toolzum.com/image/meme-generator/,Crawled - currently not indexed,NEUTRAL,2026-08-31T23:52:22Z
https://toolzum.com/utility/resume-builder/,URL is unknown to Google,NEUTRAL,None
https://toolzum.com/ai/ai-image-upscaler/,Crawled - currently not indexed,NEUTRAL,2026-09-18T19:49:16Z
https://toolzum.com/indian-utilities/gst-calculator/,URL is unknown to Google,NEUTRAL,None
https://toolzum.com/image/image-resizer/,URL is unknown to Google,NEUTRAL,None
https://toolzum.com/utility/password-generator/,Crawled - currently not indexed,NEUTRAL,2026-07-24T13:00:02Z
https://toolzum.com/developer/ip-address-lookup/,URL is unknown to Google,NEUTRAL,None
https://toolzum.com/developer/diff-checker/,Crawled - currently not indexed,NEUTRAL,2026-08-20T16:20:44Z
https://toolzum.com/image/photo-retoucher/,URL is unknown to Google,NEUTRAL,None
https://toolzum.com/finance/salary-calculator/,Crawled - currently not indexed,NEUTRAL,2026-07-23T01:45:08Z
https://toolzum.com/text/font-generator/,Crawled - currently not indexed,NEUTRAL,2026-08-26T14:08:55Z
https://toolzum.com/audio/audio-cutter/,Crawled - currently not indexed,NEUTRAL,2026-07-18T21:36:27Z
https://toolzum.com/pdf/pdf-splitter/,URL is unknown to Google,NEUTRAL,None
https://toolzum.com/productivity/pomodoro-timer/,Crawled - currently not indexed,NEUTRAL,2026-08-26T12:25:03Z
https://toolzum.com/audio/mp3-to-wav/,URL is unknown to Google,NEUTRAL,None
https://toolzum.com/transcription/youtube-transcript-generator/,URL is unknown to Google,NEUTRAL,None
https://toolzum.com/converter/epub-to-pdf/,Crawled - currently not indexed,NEUTRAL,2026-07-18T23:53:23Z
https://toolzum.com/finance/invoice-generator/,URL is unknown to Google,NEUTRAL,None
https://toolzum.com/branding/business-card-maker/,Crawled - currently not indexed,NEUTRAL,2026-08-26T14:19:22Z
https://toolzum.com/developer/regex-tester/,URL is unknown to Google,NEUTRAL,None
https://toolzum.com/pdf/protect-pdf/,URL is unknown to Google,NEUTRAL,None
https://toolzum.com/utility/dice-roller/,URL is unknown to Google,NEUTRAL,None
https://toolzum.com/finance/profit-margin-calculator/,URL is unknown to Google,NEUTRAL,None
https://toolzum.com/audio/speech-to-text/,Crawled - currently not indexed,NEUTRAL,2026-08-25T10:07:31Z
https://toolzum.com/pdf/pdf-to-epub/,Crawled - currently not indexed,NEUTRAL,2026-08-30T04:39:55Z
https://toolzum.com/utility/coin-flipper/,URL is unknown to Google,NEUTRAL,None
https://toolzum.com/image/image-colorizer/,URL is unknown to Google,NEUTRAL,None
https://toolzum.com/converter/mp4-to-mkv/,Crawled - currently not indexed,NEUTRAL,2026-07-22T14:50:22Z
https://toolzum.com/converter/mp4-to-mov/,Crawled - currently not indexed,NEUTRAL,2026-07-24T22:03:44Z
https://toolzum.com/privacy/exif-data-remover/,Crawled - currently not indexed,NEUTRAL,2026-07-17T19:43:08Z
https://toolzum.com/converter/mkv-to-mov/,Crawled - currently not indexed,NEUTRAL,2026-07-19T10:48:00Z
https://toolzum.com/converter/mov-to-mkv/,URL is unknown to Google,NEUTRAL,None
https://toolzum.com/video/video-compressor/,Crawled - currently not indexed,NEUTRAL,2026-08-02T07:37:01Z
https://toolzum.com/ai/ai-face-swap/,URL is unknown to Google,NEUTRAL,None
https://toolzum.com/developer/json-formatter/,URL is unknown to Google,NEUTRAL,None
https://toolzum.com/seo/xml-sitemap-generator/,URL is unknown to Google,NEUTRAL,None
https://toolzum.com/transcription/meeting-minutes-generator/,Crawled - currently not indexed,NEUTRAL,2026-08-30T04:39:54Z
https://toolzum.com/ai/ai-cover-letter-generator/,URL is unknown to Google,NEUTRAL,None
https://toolzum.com/pdf/watermark-pdf/,URL is unknown to Google,NEUTRAL,None
https://toolzum.com/pdf/pdf-page-delete/,Crawled - currently not indexed,NEUTRAL,2026-09-06T21:06:39Z
https://toolzum.com/image/png-to-svg/,URL is unknown to Google,NEUTRAL,None
https://toolzum.com/branding/email-signature-generator/,URL is unknown to Google,NEUTRAL,None
https://toolzum.com/finance/margin-calculator/,URL is unknown to Google,NEUTRAL,None
https://toolzum.com/converter/morse-code-translator/,URL is unknown to Google,NEUTRAL,None
https://toolzum.com/converter/json-to-csv/,URL is unknown to Google,NEUTRAL,None
https://toolzum.com/text/cursive-text-generator/,URL is unknown to Google,NEUTRAL,None
https://toolzum.com/finance/roi-calculator/,URL is unknown to Google,NEUTRAL,None
https://toolzum.com/finance/vat-calculator/,URL is unknown to Google,NEUTRAL,None
https://toolzum.com/privacy/password-strength-checker/,URL is unknown to Google,NEUTRAL,None
https://toolzum.com/developer/js-minifier/,URL is unknown to Google,NEUTRAL,None
https://toolzum.com/developer/base64-encode-decode/,Crawled - currently not indexed,NEUTRAL,2026-07-27T11:05:09Z
https://toolzum.com/text/text-to-handwriting/,URL is unknown to Google,NEUTRAL,None
https://toolzum.com/finance/receipt-generator/,URL is unknown to Google,NEUTRAL,None
https://toolzum.com/ai/ai-thumbnail-maker/,Crawled - currently not indexed,NEUTRAL,2026-09-20T14:09:39Z
https://toolzum.com/privacy/secure-note-sharer/,URL is unknown to Google,NEUTRAL,None
https://toolzum.com/video/video-to-gif/,Crawled - currently not indexed,NEUTRAL,2026-07-19T17:50:39Z
https://toolzum.com/finance/iban-validator/,URL is unknown to Google,NEUTRAL,None
https://toolzum.com/converter/image-to-base64/,URL is unknown to Google,NEUTRAL,None
https://toolzum.com/converter/csv-to-json/,Crawled - currently not indexed,NEUTRAL,2026-07-25T02:18:01Z
https://toolzum.com/converter/csv-to-xml/,Crawled - currently not indexed,NEUTRAL,2026-09-05T01:40:43Z
https://toolzum.com/pdf/rotate-pdf/,URL is unknown to Google,NEUTRAL,None
https://toolzum.com/pdf/extract-images-from-pdf/,URL is unknown to Google,NEUTRAL,None
https://toolzum.com/developer/sql-formatter/,Crawled - currently not indexed,NEUTRAL,2026-08-03T15:07:01Z
https://toolzum.com/video/subtitle-translator/,Crawled - currently not indexed,NEUTRAL,2026-07-21T23:45:14Z
https://toolzum.com/developer/uuid-generator/,Crawled - currently not indexed,NEUTRAL,2026-07-26T08:25:29Z
https://toolzum.com/design/hex-to-rgb-converter/,URL is unknown to Google,NEUTRAL,None
https://toolzum.com/health/bmr-calculator/,Crawled - currently not indexed,NEUTRAL,2026-07-27T04:49:08Z
https://toolzum.com/converter/text-to-binary/,URL is unknown to Google,NEUTRAL,None
https://toolzum.com/converter/binary-to-text/,URL is unknown to Google,NEUTRAL,None
https://toolzum.com/converter/text-binary-converter/,URL is unknown to Google,NEUTRAL,None
https://toolzum.com/finance/break-even-calculator/,Crawled - currently not indexed,NEUTRAL,2026-08-02T07:53:52Z
https://toolzum.com/growth-metrics/conversion-rate-calculator/,URL is unknown to Google,NEUTRAL,None
https://toolzum.com/growth-metrics/cpm-calculator/,URL is unknown to Google,NEUTRAL,None
https://toolzum.com/growth-metrics/roas-calculator/,URL is unknown to Google,NEUTRAL,None
https://toolzum.com/transcription/podcast-transcription/,URL is unknown to Google,NEUTRAL,None
https://toolzum.com/design/favicon-generator/,URL is unknown to Google,NEUTRAL,None
https://toolzum.com/pdf/compare-pdf-files/,URL is unknown to Google,NEUTRAL,None
https://toolzum.com/text/case-converter/,URL is unknown to Google,NEUTRAL,None
https://toolzum.com/seo/keyword-density-checker/,URL is unknown to Google,NEUTRAL,None
https://toolzum.com/developer/base64-to-image/,URL is unknown to Google,NEUTRAL,None
https://toolzum.com/developer/md5-hash-generator/,Crawled - currently not indexed,NEUTRAL,2026-07-19T12:13:05Z
https://toolzum.com/utility/barcode-generator/,URL is unknown to Google,NEUTRAL,None
https://toolzum.com/privacy/pgp-key-generator/,URL is unknown to Google,NEUTRAL,None
https://toolzum.com/pdf/add-page-numbers-to-pdf/,Crawled - currently not indexed,NEUTRAL,2026-08-26T04:17:15Z
https://toolzum.com/converter/markdown-tools/,URL is unknown to Google,NEUTRAL,None
https://toolzum.com/text/zalgo-text-generator/,URL is unknown to Google,NEUTRAL,None
https://toolzum.com/text/invisible-text-generator/,URL is unknown to Google,NEUTRAL,None
https://toolzum.com/growth-metrics/cac-calculator/,URL is unknown to Google,NEUTRAL,None
https://toolzum.com/growth-metrics/ltv-calculator/,URL is unknown to Google,NEUTRAL,None
https://toolzum.com/growth-metrics/burn-rate-calculator/,URL is unknown to Google,NEUTRAL,None
https://toolzum.com/growth-metrics/net-promoter-score-calculator/,URL is unknown to Google,NEUTRAL,None
https://toolzum.com/pdf/pdf-metadata-editor/,URL is unknown to Google,NEUTRAL,None
https://toolzum.com/converter/xml-to-csv/,URL is unknown to Google,NEUTRAL,None
https://toolzum.com/design/svg-editor/,URL is unknown to Google,NEUTRAL,None
https://toolzum.com/seo/robots-txt-generator/,URL is unknown to Google,NEUTRAL,None
https://toolzum.com/growth-metrics/saas-pricing-calculator/,URL is unknown to Google,NEUTRAL,None
https://toolzum.com/pdf/pdf-workflow-builder/,Crawled - currently not indexed,NEUTRAL,2026-09-12T16:44:53Z
https://toolzum.com/developer/api-builder/,URL is unknown to Google,NEUTRAL,None
https://toolzum.com/growth-metrics/employee-turnover-calculator/,URL is unknown to Google,NEUTRAL,None
https://toolzum.com/growth-metrics/saas-metrics-dashboard/,URL is unknown to Google,NEUTRAL,None
https://toolzum.com/privacy/ip-anonymizer/,URL is unknown to Google,NEUTRAL,None
https://toolzum.com/converter/xml-to-json/,Crawled - currently not indexed,NEUTRAL,2026-09-01T13:11:30Z
https://toolzum.com/converter/braille-translator/,URL is unknown to Google,NEUTRAL,None
https://toolzum.com/privacy/mac-address-generator/,URL is unknown to Google,NEUTRAL,None
https://toolzum.com/indian-utilities/passport-photo-india/,Crawled - currently not indexed,NEUTRAL,2026-09-04T02:12:32Z
https://toolzum.com/indian-utilities/aadhaar-wallet-cropper/,Crawled - currently not indexed,NEUTRAL,2026-07-22T23:06:06Z
https://toolzum.com/image/image-bulk-converter/,URL is unknown to Google,NEUTRAL,None
https://toolzum.com/pdf/esign-pdf/,URL is unknown to Google,NEUTRAL,None
https://toolzum.com/pdf/pdf-form-filler/,URL is unknown to Google,NEUTRAL,None
https://toolzum.com/transcription/live-transcription/,Crawled - currently not indexed,NEUTRAL,2026-07-23T19:04:25Z
https://toolzum.com/pdf/pdf-ocr/,URL is unknown to Google,NEUTRAL,None
https://toolzum.com/ai/ai-document-chat/,Crawled - currently not indexed,NEUTRAL,2026-07-19T11:12:14Z
https://toolzum.com/utility/otp-generator/,URL is unknown to Google,NEUTRAL,None
https://toolzum.com/converter/mp4-to-mp3/,URL is unknown to Google,NEUTRAL,None
https://toolzum.com/indian-utilities/pan-card-resizer/,Crawled - currently not indexed,NEUTRAL,2026-07-19T10:26:34Z
https://toolzum.com/converter/mov-to-mp3/,URL is unknown to Google,NEUTRAL,None
https://toolzum.com/privacy/temp-email-generator/,URL is unknown to Google,NEUTRAL,None
https://toolzum.com/converter/webm-to-mp3/,URL is unknown to Google,NEUTRAL,None
https://toolzum.com/utility/unit-converter/,Crawled - currently not indexed,NEUTRAL,2026-08-26T02:01:47Z
https://toolzum.com/video/video-watermark-adder/,URL is unknown to Google,NEUTRAL,None
https://toolzum.com/audio/mp3-compressor/,URL is unknown to Google,NEUTRAL,None
https://toolzum.com/indian-utilities/itr-filing-helper/,URL is unknown to Google,NEUTRAL,None
https://toolzum.com/indian-utilities/gst-invoice-generator/,Submitted and indexed,PASS,2026-09-01T10:41:27Z
https://toolzum.com/converter/gif-to-mp4/,URL is unknown to Google,NEUTRAL,None
https://toolzum.com/video/video-trimmer/,Crawled - currently not indexed,NEUTRAL,2026-07-19T23:22:36Z
https://toolzum.com/indian-utilities/aadhaar-card-masker/,URL is unknown to Google,NEUTRAL,None
https://toolzum.com/indian-utilities/pan-verification/,URL is unknown to Google,NEUTRAL,None
https://toolzum.com/indian-utilities/ifsc-code-lookup/,URL is unknown to Google,NEUTRAL,None
https://toolzum.com/indian-utilities/india-pincode-finder/,URL is unknown to Google,NEUTRAL,None
https://toolzum.com/indian-utilities/hindi-regional-font-generator/,URL is unknown to Google,NEUTRAL,None
https://toolzum.com/indian-utilities/voter-id-form-helper/,URL is unknown to Google,NEUTRAL,None
https://toolzum.com/indian-utilities/indian-age-calculator/,URL is unknown to Google,NEUTRAL,None
https://toolzum.com/indian-utilities/cgpa-to-percentage-converter/,URL is unknown to Google,NEUTRAL,None
https://toolzum.com/pdf/html-to-pdf/,URL is unknown to Google,NEUTRAL,None
https://toolzum.com/pdf/pdf-to-html/,URL is unknown to Google,NEUTRAL,None
https://toolzum.com/pdf/generic-pdf-processor/,URL is unknown to Google,NEUTRAL,None
https://toolzum.com/image/jfif-to-png/,URL is unknown to Google,NEUTRAL,None
https://toolzum.com/image/convert-to-jpg/,URL is unknown to Google,NEUTRAL,None
https://toolzum.com/image/rotate-image/,URL is unknown to Google,NEUTRAL,None
https://toolzum.com/image/blur-face/,Crawled - currently not indexed,NEUTRAL,2026-09-18T12:39:05Z
https://toolzum.com/audio/apple-music-preview-extractor/,URL is unknown to Google,NEUTRAL,None
https://toolzum.com/converter/html-to-image/,Crawled - currently not indexed,NEUTRAL,2026-08-01T02:29:34Z
https://toolzum.com/indian-utilities/marriage-biodata-maker/,Crawled - currently not indexed,NEUTRAL,2026-07-19T11:49:41Z
https://toolzum.com/indian-utilities/rental-agreement-generator/,URL is unknown to Google,NEUTRAL,None
https://toolzum.com/utility/whatsapp-toolkit/,Crawled - currently not indexed,NEUTRAL,2026-07-17T14:50:04Z
https://toolzum.com/indian-utilities/indian-document-enhancer/,Crawled - currently not indexed,NEUTRAL,2026-07-24T13:51:02Z
https://toolzum.com/indian-utilities/indian-voice-transcriber/,Crawled - currently not indexed,NEUTRAL,2026-09-04T01:48:30Z
https://toolzum.com/ai/resume-ats-score-checker/,URL is unknown to Google,NEUTRAL,None
https://toolzum.com/utility/bank-statement-analyser/,URL is unknown to Google,NEUTRAL,None
https://toolzum.com/branding/social-media-calendar/,Crawled - currently not indexed,NEUTRAL,2026-09-29T14:25:57Z
https://toolzum.com/image/bulk-bg-changer/,URL is unknown to Google,NEUTRAL,None
https://toolzum.com/image/ai-bg-changer/,URL is unknown to Google,NEUTRAL,None
https://toolzum.com/branding/link-in-bio-builder/,URL is unknown to Google,NEUTRAL,None
https://toolzum.com/pdf/pdf-page-manager/,URL is unknown to Google,NEUTRAL,None
https://toolzum.com/utility/bulk-qr-code-generator/,URL is unknown to Google,NEUTRAL,None
https://toolzum.com/ai/pdf-ai-summariser/,Crawled - currently not indexed,NEUTRAL,2026-08-25T00:00:45Z
https://toolzum.com/image/bulk-image-watermark/,URL is unknown to Google,NEUTRAL,None
https://toolzum.com/pdf/bulk-pdf-data-extractor/,URL is unknown to Google,NEUTRAL,None
https://toolzum.com/pdf/bulk-image-to-pdf/,URL is unknown to Google,NEUTRAL,None
https://toolzum.com/image/bulk-svg-to-png/,URL is unknown to Google,NEUTRAL,None
https://toolzum.com/image/bulk-image-compressor/,URL is unknown to Google,NEUTRAL,None
https://toolzum.com/pdf/pdf-editor/,ERROR-0,,
https://toolzum.com/audio/bulk-audio-converter/,Crawled - currently not indexed,NEUTRAL,2026-08-26T13:50:50Z
https://toolzum.com/image/bulk-image-resizer/,URL is unknown to Google,NEUTRAL,None
https://toolzum.com/pdf/bulk-pdf-merger/,URL is unknown to Google,NEUTRAL,None
https://toolzum.com/pdf/bulk-pdf-size-reducer/,URL is unknown to Google,NEUTRAL,None
https://toolzum.com/image/bulk-face-anonymizer/,URL is unknown to Google,NEUTRAL,None
https://toolzum.com/video/bulk-video-size-reducer/,URL is unknown to Google,NEUTRAL,None
https://toolzum.com/pdf/bulk-pdf-form-extractor/,URL is unknown to Google,NEUTRAL,None
https://toolzum.com/audio/bulk-audio-normalizer/,URL is unknown to Google,NEUTRAL,None
https://toolzum.com/finance/bulk-invoice-receipt-parser/,URL is unknown to Google,NEUTRAL,None
https://toolzum.com/video/bulk-video-compressor/,URL is unknown to Google,NEUTRAL,None
https://toolzum.com/video/bulk-video-subtitle-burner/,URL is unknown to Google,NEUTRAL,None
https://toolzum.com/converter/bulk-csv-excel-to-json/,URL is unknown to Google,NEUTRAL,None
https://toolzum.com/seo/bulk-url-status-checker/,Crawled - currently not indexed,NEUTRAL,2026-07-19T07:36:18Z
https://toolzum.com/image/bulk-image-converter/,Crawled - currently not indexed,NEUTRAL,2026-09-02T01:40:46Z
https://toolzum.com/image/bulk-exif-stripper-injector/,Crawled - currently not indexed,NEUTRAL,2026-07-29T08:25:05Z
https://toolzum.com/image/bulk-app-icon-generator/,URL is unknown to Google,NEUTRAL,None
https://toolzum.com/video/bulk-subtitle-time-shifter/,Crawled - currently not indexed,NEUTRAL,2026-08-29T03:58:36Z
https://toolzum.com/developer/bulk-font-subsetter/,URL is unknown to Google,NEUTRAL,None
https://toolzum.com/developer/bulk-regex-extractor-replacer/,URL is unknown to Google,NEUTRAL,None
https://toolzum.com/converter/bulk-markdown-to-pdf-html/,URL is unknown to Google,NEUTRAL,None
https://toolzum.com/converter/bulk-ebook-converter/,URL is unknown to Google,NEUTRAL,None
https://toolzum.com/image/bulk-heic-to-jpg/,URL is unknown to Google,NEUTRAL,None
https://toolzum.com/indian-utilities/gstin-lookup/,URL is unknown to Google,NEUTRAL,None
https://toolzum.com/indian-utilities/tax-saving-calculator/,Crawled - currently not indexed,NEUTRAL,2026-09-07T01:48:08Z
https://toolzum.com/image/bulk-image-to-text-ocr/,Crawled - currently not indexed,NEUTRAL,2026-08-25T13:51:46Z
https://toolzum.com/indian-utilities/seller-profit-calculator/,URL is unknown to Google,NEUTRAL,None
https://toolzum.com/indian-utilities/complaint-letter-generator/,URL is unknown to Google,NEUTRAL,None
https://toolzum.com/branding/brand-color-palette-generator/,URL is unknown to Google,NEUTRAL,None
https://toolzum.com/branding/brand-kit/,Crawled - currently not indexed,NEUTRAL,2026-08-26T05:59:03Z
https://toolzum.com/productivity/to-do-list/,URL is unknown to Google,NEUTRAL,None
https://toolzum.com/developer/domain-availability-checker/,Crawled - currently not indexed,NEUTRAL,2026-07-19T03:00:26Z
https://toolzum.com/converter/video-converter/,URL is unknown to Google,NEUTRAL,None
https://toolzum.com/text/pronunciation-tool/,URL is unknown to Google,NEUTRAL,None
https://toolzum.com/audio/audio-converter/,Crawled - currently not indexed,NEUTRAL,2026-08-26T07:10:21Z
https://toolzum.com/image/image-format-converter/,URL is unknown to Google,NEUTRAL,None
https://toolzum.com/converter/document-converter/,Crawled - currently not indexed,NEUTRAL,2026-07-27T19:54:49Z
https://toolzum.com/converter/data-format-converter/,URL is unknown to Google,NEUTRAL,None
https://toolzum.com/pdf/pdf-to-markdown/,Crawled - currently not indexed,NEUTRAL,2026-07-24T11:30:27Z
https://toolzum.com/pdf/extract-pages-from-pdf/,Crawled - currently not indexed,NEUTRAL,2026-07-21T10:42:46Z
https://toolzum.com/pdf/repair-pdf/,URL is unknown to Google,NEUTRAL,None
https://toolzum.com/pdf/scan-to-pdf/,Crawled - currently not indexed,NEUTRAL,2026-07-24T03:07:31Z
https://toolzum.com/pdf/pdf-to-pdfa/,Crawled - currently not indexed,NEUTRAL,2026-07-23T17:38:23Z
https://toolzum.com/pdf/translate-pdf/,URL is unknown to Google,NEUTRAL,None
https://toolzum.com/pdf/redact-pdf/,URL is unknown to Google,NEUTRAL,None
https://toolzum.com/pdf/flatten-pdf/,URL is unknown to Google,NEUTRAL,None
https://toolzum.com/pdf/grayscale-pdf/,URL is unknown to Google,NEUTRAL,None
https://toolzum.com/pdf/whiteout-pdf/,Crawled - currently not indexed,NEUTRAL,2026-07-23T08:22:15Z
https://toolzum.com/pdf/resize-pdf-pages/,URL is unknown to Google,NEUTRAL,None
https://toolzum.com/pdf/add-text-to-pdf/,URL is unknown to Google,NEUTRAL,None
https://toolzum.com/pdf/add-image-to-pdf/,Crawled - currently not indexed,NEUTRAL,2026-07-24T22:37:53Z
https://toolzum.com/pdf/crop-pdf/,URL is unknown to Google,NEUTRAL,None
https://toolzum.com/pdf/header-footer-pdf/,URL is unknown to Google,NEUTRAL,None
https://toolzum.com/pdf/pdf-annotator/,Crawled - currently not indexed,NEUTRAL,2026-09-24T23:54:54Z
https://toolzum.com/pdf/deskew-pdf/,URL is unknown to Google,NEUTRAL,None
https://toolzum.com/pdf/nup-pdf/,URL is unknown to Google,NEUTRAL,None
https://toolzum.com/pdf/url-to-pdf/,Crawled - currently not indexed,NEUTRAL,2026-07-23T09:45:50Z
https://toolzum.com/pdf/markdown-to-pdf/,Crawled - currently not indexed,NEUTRAL,2026-08-26T00:13:08Z
https://toolzum.com/pdf/bookmark-pdf/,Crawled - currently not indexed,NEUTRAL,2026-07-27T11:50:35Z
https://toolzum.com/pdf/eml-to-pdf/,Crawled - currently not indexed,NEUTRAL,2026-07-23T13:07:14Z
https://toolzum.com/image/raw-image-converter/,URL is unknown to Google,NEUTRAL,None
https://toolzum.com/image/psd-to-jpg-png/,Crawled - currently not indexed,NEUTRAL,2026-09-14T14:27:42Z
https://toolzum.com/image/collage-maker/,Crawled - currently not indexed,NEUTRAL,2026-07-27T21:25:47Z
https://toolzum.com/image/unblur-sharpen/,URL is unknown to Google,NEUTRAL,None
https://toolzum.com/image/gif-editor/,Crawled - currently not indexed,NEUTRAL,2026-08-26T12:21:17Z
https://toolzum.com/video/video-speed-changer/,URL is unknown to Google,NEUTRAL,None
https://toolzum.com/image/chart-maker/,Crawled - currently not indexed,NEUTRAL,2026-07-24T13:42:03Z
https://toolzum.com/video/reverse-video/,URL is unknown to Google,NEUTRAL,None
https://toolzum.com/video/mute-video/,Crawled - currently not indexed,NEUTRAL,2026-07-24T14:32:36Z
https://toolzum.com/audio/vocal-remover/,URL is unknown to Google,NEUTRAL,None
https://toolzum.com/audio/audio-merger/,Crawled - currently not indexed,NEUTRAL,2026-08-26T21:54:29Z
https://toolzum.com/audio/voice-recorder/,URL is unknown to Google,NEUTRAL,None
https://toolzum.com/audio/audio-equalizer/,URL is unknown to Google,NEUTRAL,None
https://toolzum.com/audio/noise-reducer/,URL is unknown to Google,NEUTRAL,None
https://toolzum.com/audio/audio-compressor/,URL is unknown to Google,NEUTRAL,None
https://toolzum.com/audio/waveform-generator/,URL is unknown to Google,NEUTRAL,None
https://toolzum.com/audio/fade-in-out/,Crawled - currently not indexed,NEUTRAL,2026-08-22T10:03:13Z
https://toolzum.com/video/video-stabilizer/,URL is unknown to Google,NEUTRAL,None
https://toolzum.com/video/video-screenshot/,Crawled - currently not indexed,NEUTRAL,2026-07-19T16:27:34Z
https://toolzum.com/video/video-filters/,Crawled - currently not indexed,NEUTRAL,2026-07-24T19:24:31Z
https://toolzum.com/video/screen-recorder/,Crawled - currently not indexed,NEUTRAL,2026-09-03T23:42:07Z
https://toolzum.com/ai/ai-chat-pdf/,Crawled - currently not indexed,NEUTRAL,2026-07-23T00:56:10Z
https://toolzum.com/ai/grammar-checker/,Crawled - currently not indexed,NEUTRAL,2026-07-26T11:56:35Z
https://toolzum.com/ai/ai-detector/,Crawled - currently not indexed,NEUTRAL,2026-07-24T12:00:01Z
https://toolzum.com/ai/article-writer/,URL is unknown to Google,NEUTRAL,None
https://toolzum.com/converter/mobi-converter/,Crawled - currently not indexed,NEUTRAL,2026-07-27T09:07:42Z
https://toolzum.com/ai/ai-humanizer/,Crawled - currently not indexed,NEUTRAL,2026-07-27T10:07:28Z
https://toolzum.com/ai/social-caption-generator/,Crawled - currently not indexed,NEUTRAL,2026-07-27T10:13:14Z
https://toolzum.com/converter/odt-rtf-to-pdf/,Crawled - currently not indexed,NEUTRAL,2026-07-27T09:29:08Z
https://toolzum.com/image/svg-to-png/,Crawled - currently not indexed,NEUTRAL,2026-08-26T04:03:59Z
https://toolzum.com/image/svg-to-jpg/,Crawled - currently not indexed,NEUTRAL,2026-08-26T02:58:16Z
https://toolzum.com/image/png-to-gif/,Crawled - currently not indexed,NEUTRAL,2026-07-23T10:52:10Z
https://toolzum.com/image/jpg-to-gif/,Crawled - currently not indexed,NEUTRAL,2026-07-24T20:32:35Z
https://toolzum.com/image/webp-to-gif/,URL is unknown to Google,NEUTRAL,None
https://toolzum.com/image/bmp-to-jpg/,Crawled - currently not indexed,NEUTRAL,2026-08-02T06:27:38Z
https://toolzum.com/image/bmp-to-png/,Crawled - currently not indexed,NEUTRAL,2026-07-25T06:49:36Z
https://toolzum.com/image/tiff-to-jpg/,Crawled - currently not indexed,NEUTRAL,2026-07-23T16:54:12Z
https://toolzum.com/image/tiff-to-png/,URL is unknown to Google,NEUTRAL,None
https://toolzum.com/image/gif-to-jpg/,URL is unknown to Google,NEUTRAL,None
https://toolzum.com/image/gif-to-png/,URL is unknown to Google,NEUTRAL,None
https://toolzum.com/image/ico-to-png/,Crawled - currently not indexed,NEUTRAL,2026-07-26T06:59:47Z
https://toolzum.com/image/jxl-to-png/,Crawled - currently not indexed,NEUTRAL,2026-07-23T01:16:12Z
https://toolzum.com/image/jxl-to-jpg/,Crawled - currently not indexed,NEUTRAL,2026-07-24T21:03:38Z
https://toolzum.com/audio/wma-to-mp3/,URL is unknown to Google,NEUTRAL,None
https://toolzum.com/audio/opus-to-mp3/,Crawled - currently not indexed,NEUTRAL,2026-08-26T12:02:28Z
https://toolzum.com/audio/aiff-to-mp3/,Crawled - currently not indexed,NEUTRAL,2026-09-19T02:04:13Z
https://toolzum.com/developer/website-screenshot/,Crawled - currently not indexed,NEUTRAL,2026-09-18T02:01:44Z
https://toolzum.com/converter/gif-to-webp-webm/,Crawled - currently not indexed,NEUTRAL,2026-07-24T22:17:48Z
https://toolzum.com/image/avif-to-jpg/,Crawled - currently not indexed,NEUTRAL,2026-07-24T17:56:32Z
https://toolzum.com/image/avif-to-png/,Crawled - currently not indexed,NEUTRAL,2026-09-12T15:08:35Z
https://toolzum.com/image/bmp-to-avif/,Crawled - currently not indexed,NEUTRAL,2026-07-24T10:31:21Z
https://toolzum.com/image/bmp-to-gif/,Crawled - currently not indexed,NEUTRAL,2026-08-01T11:07:25Z
https://toolzum.com/image/bmp-to-webp/,Crawled - currently not indexed,NEUTRAL,2026-07-23T17:10:23Z
https://toolzum.com/image/gif-to-avif/,Crawled - currently not indexed,NEUTRAL,2026-07-24T10:55:10Z
https://toolzum.com/image/gif-to-webp/,Crawled - currently not indexed,NEUTRAL,2026-07-31T11:39:44Z
https://toolzum.com/image/heic-to-avif/,Crawled - currently not indexed,NEUTRAL,2026-07-19T03:06:33Z
https://toolzum.com/image/heic-to-gif/,Crawled - currently not indexed,NEUTRAL,2026-08-30T09:03:54Z
https://toolzum.com/image/heic-to-webp/,Crawled - currently not indexed,NEUTRAL,2026-07-24T11:08:25Z
https://toolzum.com/image/ico-to-jpg/,URL is unknown to Google,NEUTRAL,None
https://toolzum.com/image/ico-to-webp/,Crawled - currently not indexed,NEUTRAL,2026-07-24T20:59:33Z
https://toolzum.com/image/jpg-to-jxl/,URL is unknown to Google,NEUTRAL,None
https://toolzum.com/image/png-to-jxl/,URL is unknown to Google,NEUTRAL,None
https://toolzum.com/image/jxl-to-webp/,URL is unknown to Google,NEUTRAL,None
https://toolzum.com/image/jxl-to-gif/,Crawled - currently not indexed,NEUTRAL,2026-07-27T11:34:01Z
https://toolzum.com/image/svg-to-avif/,Crawled - currently not indexed,NEUTRAL,2026-08-26T12:35:49Z
https://toolzum.com/image/svg-to-gif/,URL is unknown to Google,NEUTRAL,None
https://toolzum.com/image/svg-to-webp/,URL is unknown to Google,NEUTRAL,None
https://toolzum.com/image/tiff-to-avif/,Crawled - currently not indexed,NEUTRAL,2026-07-26T07:17:26Z
https://toolzum.com/image/tiff-to-gif/,Crawled - currently not indexed,NEUTRAL,2026-07-24T23:38:31Z
https://toolzum.com/indian-utilities/upi-id-validator/,Crawled - currently not indexed,NEUTRAL,2026-08-04T20:12:17Z
https://toolzum.com/image/tiff-to-webp/,Crawled - currently not indexed,NEUTRAL,2026-08-22T06:47:07Z
https://toolzum.com/indian-utilities/indian-address-parser/,Crawled - currently not indexed,NEUTRAL,2026-07-27T07:41:07Z
https://toolzum.com/indian-utilities/vehicle-registration-checker/,Crawled - currently not indexed,NEUTRAL,2026-08-28T22:50:34Z
https://toolzum.com/indian-utilities/aadhaar-number-validator/,URL is unknown to Google,NEUTRAL,None
https://toolzum.com/indian-utilities/indian-investment-calculator/,Crawled - currently not indexed,NEUTRAL,2026-08-28T00:46:51Z
https://toolzum.com/pdf/bulk-pdf-suite/,URL is unknown to Google,NEUTRAL,None
https://toolzum.com/image/webp-to-avif/,Crawled - currently not indexed,NEUTRAL,2026-07-24T10:46:20Z
https://toolzum.com/audio/aac-to-flac/,Crawled - currently not indexed,NEUTRAL,2026-07-24T13:57:34Z
https://toolzum.com/audio/aac-to-m4a/,Crawled - currently not indexed,NEUTRAL,2026-07-25T08:37:44Z
https://toolzum.com/audio/aac-to-ogg/,Crawled - currently not indexed,NEUTRAL,2026-07-24T14:59:32Z
https://toolzum.com/audio/aac-to-wav/,Crawled - currently not indexed,NEUTRAL,2026-08-01T03:26:33Z
https://toolzum.com/audio/flac-to-aac/,Crawled - currently not indexed,NEUTRAL,2026-07-24T21:24:35Z
https://toolzum.com/audio/flac-to-m4a/,Crawled - currently not indexed,NEUTRAL,2026-07-24T03:50:23Z
https://toolzum.com/audio/flac-to-ogg/,Crawled - currently not indexed,NEUTRAL,2026-08-26T03:27:17Z
https://toolzum.com/audio/flac-to-wav/,Crawled - currently not indexed,NEUTRAL,2026-07-20T19:53:46Z
https://toolzum.com/audio/m4a-to-aac/,Crawled - currently not indexed,NEUTRAL,2026-08-02T04:34:49Z
https://toolzum.com/audio/m4a-to-flac/,Crawled - currently not indexed,NEUTRAL,2026-07-23T16:04:24Z
https://toolzum.com/audio/m4a-to-ogg/,Crawled - currently not indexed,NEUTRAL,2026-08-26T14:39:56Z
https://toolzum.com/audio/m4a-to-wav/,URL is unknown to Google,NEUTRAL,None
https://toolzum.com/audio/mp3-to-aac/,URL is unknown to Google,NEUTRAL,None
https://toolzum.com/audio/mp3-to-aiff/,Crawled - currently not indexed,NEUTRAL,2026-07-25T07:30:36Z
https://toolzum.com/audio/mp3-to-flac/,Crawled - currently not indexed,NEUTRAL,2026-08-26T12:17:31Z
https://toolzum.com/audio/mp3-to-m4a/,URL is unknown to Google,NEUTRAL,None
https://toolzum.com/audio/mp3-to-ogg/,Crawled - currently not indexed,NEUTRAL,2026-09-19T05:48:11Z
https://toolzum.com/audio/mp3-to-opus/,Crawled - currently not indexed,NEUTRAL,2026-07-23T11:31:15Z
https://toolzum.com/audio/mp3-to-wma/,Crawled - currently not indexed,NEUTRAL,2026-08-26T21:29:29Z
https://toolzum.com/audio/ogg-to-aac/,URL is unknown to Google,NEUTRAL,None
https://toolzum.com/audio/ogg-to-flac/,URL is unknown to Google,NEUTRAL,None
https://toolzum.com/audio/ogg-to-m4a/,Crawled - currently not indexed,NEUTRAL,2026-08-26T13:24:44Z
https://toolzum.com/audio/ogg-to-wav/,URL is unknown to Google,NEUTRAL,None
https://toolzum.com/audio/wav-to-aac/,URL is unknown to Google,NEUTRAL,None
https://toolzum.com/audio/wav-to-flac/,URL is unknown to Google,NEUTRAL,None
https://toolzum.com/audio/wav-to-ogg/,Crawled - currently not indexed,NEUTRAL,2026-08-24T08:00:24Z
https://toolzum.com/audio/wav-to-m4a/,Crawled - currently not indexed,NEUTRAL,2026-07-25T00:51:58Z
https://toolzum.com/audio/wav-to-aiff/,Crawled - currently not indexed,NEUTRAL,2026-07-27T00:43:57Z
https://toolzum.com/audio/wav-to-opus/,Crawled - currently not indexed,NEUTRAL,2026-08-30T05:54:55Z
https://toolzum.com/image/gif-compressor/,Crawled - currently not indexed,NEUTRAL,2026-09-13T09:29:34Z
https://toolzum.com/audio/wav-to-wma/,Crawled - currently not indexed,NEUTRAL,2026-07-25T07:47:41Z
https://toolzum.com/image/gif-resizer/,Crawled - currently not indexed,NEUTRAL,2026-07-27T01:52:58Z
https://toolzum.com/image/gif-to-apng/,URL is unknown to Google,NEUTRAL,None
https://toolzum.com/image/apng-to-gif/,Crawled - currently not indexed,NEUTRAL,2026-07-23T17:31:21Z
https://toolzum.com/image/image-to-ico/,Crawled - currently not indexed,NEUTRAL,2026-07-23T21:55:37Z
https://toolzum.com/design/color-converter/,URL is unknown to Google,NEUTRAL,None
https://toolzum.com/developer/qr-code-reader/,Crawled - currently not indexed,NEUTRAL,2026-10-04T00:02:00Z
https://toolzum.com/text/lorem-ipsum-generator/,URL is unknown to Google,NEUTRAL,None
https://toolzum.com/developer/ssl-checker/,Crawled - currently not indexed,NEUTRAL,2026-07-23T10:40:24Z
https://toolzum.com/developer/whois-lookup/,Crawled - currently not indexed,NEUTRAL,2026-08-26T12:32:34Z
https://toolzum.com/design/font-converter/,Crawled - currently not indexed,NEUTRAL,2026-07-26T09:56:36Z
https://toolzum.com/design/font-subsetter/,URL is unknown to Google,NEUTRAL,None
https://toolzum.com/pdf/tiff-to-pdf/,Crawled - currently not indexed,NEUTRAL,2026-07-28T22:51:09Z
https://toolzum.com/pdf/pdf-to-tiff/,URL is unknown to Google,NEUTRAL,None
https://toolzum.com/converter/yaml-json-converter/,Crawled - currently not indexed,NEUTRAL,2026-07-26T05:45:00Z
https://toolzum.com/converter/xlsx-csv-converter/,URL is unknown to Google,NEUTRAL,None
https://toolzum.com/converter/cbz-to-pdf/,Crawled - currently not indexed,NEUTRAL,2026-07-23T07:16:15Z
https://toolzum.com/converter/vcf-csv-converter/,URL is unknown to Google,NEUTRAL,None
https://toolzum.com/converter/ics-csv-converter/,URL is unknown to Google,NEUTRAL,None
https://toolzum.com/audio/wav-to-mp3/,Crawled - currently not indexed,NEUTRAL,2026-08-21T13:48:56Z
https://toolzum.com/audio/flac-to-mp3/,URL is unknown to Google,NEUTRAL,None
https://toolzum.com/audio/flac-to-wma/,Crawled - currently not indexed,NEUTRAL,2026-08-27T09:56:05Z
https://toolzum.com/audio/flac-to-opus/,Crawled - currently not indexed,NEUTRAL,2026-08-22T23:06:11Z
https://toolzum.com/audio/flac-to-aiff/,Crawled - currently not indexed,NEUTRAL,2026-08-25T12:37:27Z
https://toolzum.com/audio/ogg-to-mp3/,Crawled - currently not indexed,NEUTRAL,2026-08-02T09:27:36Z
https://toolzum.com/audio/ogg-to-wma/,Crawled - currently not indexed,NEUTRAL,2026-08-01T04:39:20Z
https://toolzum.com/audio/ogg-to-opus/,Crawled - currently not indexed,NEUTRAL,2026-07-24T12:07:31Z
https://toolzum.com/audio/ogg-to-aiff/,Crawled - currently not indexed,NEUTRAL,2026-08-03T12:13:50Z
https://toolzum.com/audio/m4a-to-mp3/,Crawled - currently not indexed,NEUTRAL,2026-07-26T07:35:04Z
https://toolzum.com/audio/m4a-to-wma/,Crawled - currently not indexed,NEUTRAL,2026-07-27T09:13:04Z
https://toolzum.com/audio/m4a-to-aiff/,URL is unknown to Google,NEUTRAL,None
https://toolzum.com/audio/m4a-to-opus/,Crawled - currently not indexed,NEUTRAL,2026-07-24T11:52:31Z
https://toolzum.com/audio/aac-to-mp3/,URL is unknown to Google,NEUTRAL,None
https://toolzum.com/audio/aac-to-wma/,Crawled - currently not indexed,NEUTRAL,2026-07-23T09:06:16Z
https://toolzum.com/audio/aac-to-aiff/,Crawled - currently not indexed,NEUTRAL,2026-07-27T00:17:29Z
https://toolzum.com/audio/aac-to-opus/,URL is unknown to Google,NEUTRAL,None
https://toolzum.com/audio/wma-to-wav/,Crawled - currently not indexed,NEUTRAL,2026-07-23T21:06:16Z
https://toolzum.com/audio/wma-to-flac/,URL is unknown to Google,NEUTRAL,None
https://toolzum.com/audio/wma-to-ogg/,Crawled - currently not indexed,NEUTRAL,2026-08-26T14:01:53Z
https://toolzum.com/audio/wma-to-m4a/,Crawled - currently not indexed,NEUTRAL,2026-08-22T00:56:05Z
https://toolzum.com/audio/wma-to-aac/,URL is unknown to Google,NEUTRAL,None
https://toolzum.com/audio/wma-to-aiff/,URL is unknown to Google,NEUTRAL,None
https://toolzum.com/audio/opus-to-wav/,Crawled - currently not indexed,NEUTRAL,2026-08-26T03:23:17Z
https://toolzum.com/audio/wma-to-opus/,Crawled - currently not indexed,NEUTRAL,2026-10-01T15:10:25Z
https://toolzum.com/audio/opus-to-flac/,Crawled - currently not indexed,NEUTRAL,2026-09-13T05:44:33Z
https://toolzum.com/audio/opus-to-ogg/,Crawled - currently not indexed,NEUTRAL,2026-07-24T06:10:44Z
https://toolzum.com/audio/opus-to-m4a/,URL is unknown to Google,NEUTRAL,None
https://toolzum.com/audio/opus-to-aac/,Crawled - currently not indexed,NEUTRAL,2026-08-29T02:39:36Z
https://toolzum.com/audio/opus-to-wma/,Crawled - currently not indexed,NEUTRAL,2026-07-24T23:44:06Z
https://toolzum.com/audio/opus-to-aiff/,URL is unknown to Google,NEUTRAL,None
https://toolzum.com/audio/aiff-to-wav/,Crawled - currently not indexed,NEUTRAL,2026-07-27T12:04:46Z
https://toolzum.com/audio/aiff-to-flac/,URL is unknown to Google,NEUTRAL,None
https://toolzum.com/audio/aiff-to-ogg/,Crawled - currently not indexed,NEUTRAL,2026-07-27T11:16:41Z
https://toolzum.com/audio/aiff-to-aac/,URL is unknown to Google,NEUTRAL,None
https://toolzum.com/audio/aiff-to-m4a/,Crawled - currently not indexed,NEUTRAL,2026-07-22T14:37:52Z
https://toolzum.com/audio/aiff-to-wma/,URL is unknown to Google,NEUTRAL,None
https://toolzum.com/audio/aiff-to-opus/,Crawled - currently not indexed,NEUTRAL,2026-07-24T19:42:39Z
https://toolzum.com/developer/url-encoder-decoder/,Crawled - currently not indexed,NEUTRAL,2026-07-27T09:02:21Z
https://toolzum.com/developer/hex-ascii-converter/,Crawled - currently not indexed,NEUTRAL,2026-09-09T18:45:06Z
https://toolzum.com/developer/html-entity-encoder/,Crawled - currently not indexed,NEUTRAL,2026-07-24T14:41:41Z
https://toolzum.com/developer/backslash-escape/,Crawled - currently not indexed,NEUTRAL,2026-07-23T02:30:06Z
https://toolzum.com/utility/random-string-generator/,URL is unknown to Google,NEUTRAL,None
https://toolzum.com/converter/number-base-converter/,Not found (404),NEUTRAL,2026-07-27T15:26:55Z
https://toolzum.com/utility/line-sorter/,URL is unknown to Google,NEUTRAL,None
https://toolzum.com/developer/url-parser/,URL is unknown to Google,NEUTRAL,None
https://toolzum.com/developer/string-inspector/,Crawled - currently not indexed,NEUTRAL,2026-07-22T20:35:03Z
https://toolzum.com/utility/unix-time-converter/,URL is unknown to Google,NEUTRAL,None
https://toolzum.com/developer/code-beautifier/,Crawled - currently not indexed,NEUTRAL,2026-07-27T00:35:12Z
https://toolzum.com/developer/html-to-jsx/,Crawled - currently not indexed,NEUTRAL,2026-07-25T08:12:50Z
https://toolzum.com/developer/svg-to-css/,Crawled - currently not indexed,NEUTRAL,2026-08-02T21:39:43Z
https://toolzum.com/developer/php-tools/,Crawled - currently not indexed,NEUTRAL,2026-07-24T10:36:21Z
https://toolzum.com/converter/json-to-code/,Crawled - currently not indexed,NEUTRAL,2026-08-01T02:09:30Z
https://toolzum.com/developer/jwt-debugger/,Crawled - currently not indexed,NEUTRAL,2026-07-26T13:11:35Z
https://toolzum.com/developer/web-inspector/,URL is unknown to Google,NEUTRAL,None
https://toolzum.com/developer/cron-parser/,Crawled - currently not indexed,NEUTRAL,2026-07-24T10:03:50Z
https://toolzum.com/converter/toml-converter/,URL is unknown to Google,NEUTRAL,None
https://toolzum.com/developer/html-preview/,URL is unknown to Google,NEUTRAL,None
https://toolzum.com/calculator/eta-calculator/,Crawled - currently not indexed,NEUTRAL,2026-08-26T14:22:23Z
https://toolzum.com/developer/yaml-reindenter/,Crawled - currently not indexed,NEUTRAL,2026-07-30T18:16:55Z
https://toolzum.com/developer/phone-parser/,URL is unknown to Google,NEUTRAL,None
https://toolzum.com/utility/slugify-tool/,Crawled - currently not indexed,NEUTRAL,2026-08-05T21:11:37Z
https://toolzum.com/utility/ulid-generator/,Crawled - currently not indexed,NEUTRAL,2026-08-30T07:01:51Z
https://toolzum.com/utility/numeronym-generator/,Crawled - currently not indexed,NEUTRAL,2026-08-11T06:56:31Z
https://toolzum.com/developer/mac-vendor-lookup/,Crawled - currently not indexed,NEUTRAL,2026-07-31T07:52:25Z
https://toolzum.com/utility/list-converter/,URL is unknown to Google,NEUTRAL,None
https://toolzum.com/developer/rsa-key-generator/,Crawled - currently not indexed,NEUTRAL,2026-08-26T11:07:18Z
https://toolzum.com/utility/emoji-picker/,URL is unknown to Google,NEUTRAL,None
https://toolzum.com/utility/ascii-art-generator/,Crawled - currently not indexed,NEUTRAL,2026-08-01T03:24:29Z
https://toolzum.com/utility/ascii-font-generator/,URL is unknown to Google,NEUTRAL,None
https://toolzum.com/utility/benchmark-builder/,URL is unknown to Google,NEUTRAL,None
https://toolzum.com/pdf/pdf-to-png/,Crawled - currently not indexed,NEUTRAL,2026-07-23T09:35:51Z
https://toolzum.com/pdf/create-pdf/,Crawled - currently not indexed,NEUTRAL,2026-07-24T09:33:21Z
https://toolzum.com/pdf/pdf-info/,URL is unknown to Google,NEUTRAL,None
https://toolzum.com/pdf/pdf-cleanup/,URL is unknown to Google,NEUTRAL,None
https://toolzum.com/pdf/pdf-background-color/,URL is unknown to Google,NEUTRAL,None
https://toolzum.com/pdf/pdf-add-blank-page/,URL is unknown to Google,NEUTRAL,None
https://toolzum.com/pdf/pdf-bates-numbering/,Crawled - currently not indexed,NEUTRAL,2026-07-27T11:57:37Z
https://toolzum.com/pdf/pdf-timestamp/,Crawled - currently not indexed,NEUTRAL,2026-08-30T08:38:54Z
https://toolzum.com/pdf/pdf-stamp/,Crawled - currently not indexed,NEUTRAL,2026-07-24T22:48:58Z
https://toolzum.com/pdf/pdf-table-of-contents/,URL is unknown to Google,NEUTRAL,None
https://toolzum.com/pdf/pdf-advanced/,Crawled - currently not indexed,NEUTRAL,2026-09-09T14:58:26Z
https://toolzum.com/calculator/study-time-calculator/,URL is unknown to Google,NEUTRAL,None
https://toolzum.com/pdf/pdf-attachments/,Crawled - currently not indexed,NEUTRAL,2026-07-23T15:52:16Z
https://toolzum.com/calculator/test-score-calculator/,URL is unknown to Google,NEUTRAL,None
https://toolzum.com/calculator/words-per-page-calculator/,Crawled - currently not indexed,NEUTRAL,2026-07-31T21:24:12Z
https://toolzum.com/finance/profit-loss-calculator/,URL is unknown to Google,NEUTRAL,None
https://toolzum.com/utility/ring-size-converter/,URL is unknown to Google,NEUTRAL,None
https://toolzum.com/calculator/screen-size-converter/,URL is unknown to Google,NEUTRAL,None
https://toolzum.com/utility/shoe-size-converter/,URL is unknown to Google,NEUTRAL,None
https://toolzum.com/utility/zip-file-extractor/,Crawled - currently not indexed,NEUTRAL,2026-07-28T17:34:53Z
https://toolzum.com/developer/oauth-client-setup/,Crawled - currently not indexed,NEUTRAL,2026-07-25T16:42:48Z
https://toolzum.com/developer/pkce-verifier/,URL is unknown to Google,NEUTRAL,None
https://toolzum.com/developer/oauth-scope-builder/,Crawled - currently not indexed,NEUTRAL,2026-07-27T04:52:14Z
https://toolzum.com/developer/oauth-state-validator/,Crawled - currently not indexed,NEUTRAL,2026-10-03T02:46:55Z
https://toolzum.com/developer/pbkdf2-hash-generator/,URL is unknown to Google,NEUTRAL,None
https://toolzum.com/developer/cookie-parser/,URL is unknown to Google,NEUTRAL,None
https://toolzum.com/developer/html-linter/,Crawled - currently not indexed,NEUTRAL,2026-08-28T22:46:34Z
https://toolzum.com/developer/xml-minifier-validator/,URL is unknown to Google,NEUTRAL,None
https://toolzum.com/design/border-css-generator/,Crawled - currently not indexed,NEUTRAL,2026-09-29T23:23:02Z
https://toolzum.com/design/typography-preview/,Crawled - currently not indexed,NEUTRAL,2026-07-22T13:49:55Z
https://toolzum.com/developer/base64-json-decoder/,URL is unknown to Google,NEUTRAL,None
https://toolzum.com/developer/hex-text-converter/,URL is unknown to Google,NEUTRAL,None
https://toolzum.com/converter/svg-base64-converter/,URL is unknown to Google,NEUTRAL,None
https://toolzum.com/developer/character-encoding-converter/,Crawled - currently not indexed,NEUTRAL,2026-09-14T14:57:42Z
https://toolzum.com/developer/unicode-converter/,URL is unknown to Google,NEUTRAL,None
https://toolzum.com/converter/markdown-slack-converter/,URL is unknown to Google,NEUTRAL,None
https://toolzum.com/developer/base32-encoder/,URL is unknown to Google,NEUTRAL,None
https://toolzum.com/developer/svg-optimizer/,URL is unknown to Google,NEUTRAL,None
https://toolzum.com/utility/power-converter/,Crawled - currently not indexed,NEUTRAL,2026-07-27T13:10:44Z
https://toolzum.com/utility/pressure-converter/,Crawled - currently not indexed,NEUTRAL,2026-10-03T22:46:59Z
https://toolzum.com/developer/px-rem-converter/,Crawled - currently not indexed,NEUTRAL,2026-07-24T07:03:16Z
https://toolzum.com/design/color-shades-tints/,URL is unknown to Google,NEUTRAL,None
https://toolzum.com/design/contrast-ratio-checker/,URL is unknown to Google,NEUTRAL,None
https://toolzum.com/developer/markdown-table-generator/,Crawled - currently not indexed,NEUTRAL,2026-08-28T19:41:44Z
https://toolzum.com/image/gemini-watermark-remover/,URL is unknown to Google,NEUTRAL,None
https://toolzum.com/image/bulk-heic-converter/,URL is unknown to Google,NEUTRAL,None
https://toolzum.com/image/bulk-image-upscaler/,URL is unknown to Google,NEUTRAL,None
https://toolzum.com/image/bulk-avif-optimizer/,URL is unknown to Google,NEUTRAL,None
https://toolzum.com/developer/nginx-config-generator/,URL is unknown to Google,NEUTRAL,None
https://toolzum.com/developer/ip-allowlist-generator/,URL is unknown to Google,NEUTRAL,None
https://toolzum.com/converter/ini-json-converter/,URL is unknown to Google,NEUTRAL,None
https://toolzum.com/developer/media-query-generator/,URL is unknown to Google,NEUTRAL,None
https://toolzum.com/developer/msgpack-inspector/,URL is unknown to Google,NEUTRAL,None
https://toolzum.com/developer/data-anonymizer/,URL is unknown to Google,NEUTRAL,None
https://toolzum.com/developer/code-to-curl-converter/,Crawled - currently not indexed,NEUTRAL,2026-09-06T22:45:54Z
https://toolzum.com/developer/curl-to-code-converter/,URL is unknown to Google,NEUTRAL,None
https://toolzum.com/developer/jsonrpc-builder/,URL is unknown to Google,NEUTRAL,None
https://toolzum.com/developer/har-analyzer/,URL is unknown to Google,NEUTRAL,None
https://toolzum.com/developer/log-analyzer/,URL is unknown to Google,NEUTRAL,None
https://toolzum.com/developer/package-json-validator/,Crawled - currently not indexed,NEUTRAL,2026-08-29T09:01:39Z
https://toolzum.com/developer/cbor-inspector/,URL is unknown to Google,NEUTRAL,None
https://toolzum.com/developer/mime-finder/,URL is unknown to Google,NEUTRAL,None
https://toolzum.com/developer/cidr-calculator/,URL is unknown to Google,NEUTRAL,None
https://toolzum.com/developer/aws-iam-policy-analyzer/,Crawled - currently not indexed,NEUTRAL,2026-08-04T18:52:30Z
https://toolzum.com/converter/scss-to-css-converter/,Crawled - currently not indexed,NEUTRAL,2026-08-01T02:01:12Z
https://toolzum.com/converter/stylus-to-css-converter/,Crawled - currently not indexed,NEUTRAL,2026-07-30T12:01:20Z
https://toolzum.com/converter/tailwind-to-css-converter/,Crawled - currently not indexed,NEUTRAL,2026-07-29T16:01:41Z
https://toolzum.com/developer/proto-schema-converter/,Crawled - currently not indexed,NEUTRAL,2026-08-20T18:14:26Z
https://toolzum.com/developer/protobuf-decoder/,URL is unknown to Google,NEUTRAL,None
https://toolzum.com/developer/tsconfig-analyzer/,URL is unknown to Google,NEUTRAL,None
https://toolzum.com/developer/typescript-formatter/,URL is unknown to Google,NEUTRAL,None
https://toolzum.com/developer/string-template-tester/,Crawled - currently not indexed,NEUTRAL,2026-08-26T20:39:28Z
https://toolzum.com/developer/test-data-generator/,Crawled - currently not indexed,NEUTRAL,2026-09-29T22:45:46Z
https://toolzum.com/finance/mortgage-calculator/,URL is unknown to Google,NEUTRAL,None
https://toolzum.com/finance/compound-interest-calculator/,URL is unknown to Google,NEUTRAL,None
https://toolzum.com/finance/car-loan-calculator/,URL is unknown to Google,NEUTRAL,None
https://toolzum.com/finance/car-lease-calculator/,URL is unknown to Google,NEUTRAL,None
https://toolzum.com/growth-metrics/arr-calculator/,URL is unknown to Google,NEUTRAL,None
https://toolzum.com/growth-metrics/churn-rate-calculator/,URL is unknown to Google,NEUTRAL,None
https://toolzum.com/finance/debt-payoff-calculator/,URL is unknown to Google,NEUTRAL,None
https://toolzum.com/finance/discount-calculator/,URL is unknown to Google,NEUTRAL,None
https://toolzum.com/finance/hourly-to-salary-calculator/,URL is unknown to Google,NEUTRAL,None
https://toolzum.com/finance/inflation-calculator/,Crawled - currently not indexed,NEUTRAL,2026-09-04T02:30:35Z
https://toolzum.com/growth-metrics/customer-ltv-calculator/,URL is unknown to Google,NEUTRAL,None
https://toolzum.com/growth-metrics/mrr-calculator/,URL is unknown to Google,NEUTRAL,None
https://toolzum.com/finance/net-worth-calculator/,URL is unknown to Google,NEUTRAL,None
https://toolzum.com/finance/retirement-calculator/,URL is unknown to Google,NEUTRAL,None
https://toolzum.com/finance/rent-vs-buy-calculator/,Crawled - currently not indexed,NEUTRAL,2026-09-09T15:31:52Z
https://toolzum.com/growth-metrics/revenue-growth-calculator/,URL is unknown to Google,NEUTRAL,None
https://toolzum.com/growth-metrics/runway-calculator/,URL is unknown to Google,NEUTRAL,None
https://toolzum.com/growth-metrics/ab-test-calculator/,URL is unknown to Google,NEUTRAL,None
https://toolzum.com/calculator/business-days-calculator/,Crawled - currently not indexed,NEUTRAL,2026-07-24T11:48:09Z
https://toolzum.com/calculator/day-of-week-calculator/,Crawled - currently not indexed,NEUTRAL,2026-08-26T02:09:29Z
https://toolzum.com/calculator/day-of-year-calculator/,Crawled - currently not indexed,NEUTRAL,2026-07-19T07:44:19Z
https://toolzum.com/calculator/exponent-calculator/,Crawled - currently not indexed,NEUTRAL,2026-07-24T13:12:01Z
https://toolzum.com/calculator/final-grade-calculator/,Crawled - currently not indexed,NEUTRAL,2026-09-18T22:26:11Z
https://toolzum.com/calculator/grade-calculator/,URL is unknown to Google,NEUTRAL,None
https://toolzum.com/calculator/college-gpa-calculator/,Crawled - currently not indexed,NEUTRAL,2026-07-24T10:41:23Z
https://toolzum.com/calculator/leap-year-calculator/,Crawled - currently not indexed,NEUTRAL,2026-08-30T09:54:55Z
https://toolzum.com/calculator/probability-calculator/,URL is unknown to Google,NEUTRAL,None
https://toolzum.com/calculator/proportion-calculator/,Crawled - currently not indexed,NEUTRAL,2026-07-24T09:56:20Z
https://toolzum.com/calculator/ratio-calculator/,Crawled - currently not indexed,NEUTRAL,2026-07-23T18:34:01Z
https://toolzum.com/calculator/gpa-calculator/,URL is unknown to Google,NEUTRAL,None
https://toolzum.com/calculator/aspect-ratio-calculator/,Crawled - currently not indexed,NEUTRAL,2026-07-20T09:04:39Z
https://toolzum.com/calculator/circle-calculator/,URL is unknown to Google,NEUTRAL,None
https://toolzum.com/calculator/dpi-calculator/,Crawled - currently not indexed,NEUTRAL,2026-07-27T09:45:12Z
https://toolzum.com/calculator/mean-median-mode-calculator/,URL is unknown to Google,NEUTRAL,None
https://toolzum.com/calculator/fraction-calculator/,Crawled - currently not indexed,NEUTRAL,2026-07-28T19:27:22Z
https://toolzum.com/calculator/ppi-calculator/,Crawled - currently not indexed,NEUTRAL,2026-07-28T20:42:23Z
https://toolzum.com/calculator/pythagorean-theorem-calculator/,Crawled - currently not indexed,NEUTRAL,2026-08-26T12:13:45Z
https://toolzum.com/calculator/quadratic-equation-solver/,Crawled - currently not indexed,NEUTRAL,2026-07-24T14:03:41Z
https://toolzum.com/calculator/rectangle-area-calculator/,Crawled - currently not indexed,NEUTRAL,2026-07-24T04:33:14Z
https://toolzum.com/calculator/square-root-calculator/,Crawled - currently not indexed,NEUTRAL,2026-07-20T04:50:39Z
https://toolzum.com/calculator/scientific-calculator/,Crawled - currently not indexed,NEUTRAL,2026-09-04T01:36:30Z
https://toolzum.com/developer/fluid-typography-calculator/,URL is unknown to Google,NEUTRAL,None
https://toolzum.com/health/bmi-calculator-for-kids/,Crawled - currently not indexed,NEUTRAL,2026-09-14T01:04:46Z
https://toolzum.com/health/body-fat-percentage-calculator/,Crawled - currently not indexed,NEUTRAL,2026-07-25T01:38:55Z
https://toolzum.com/health/baby-formula-calculator/,URL is unknown to Google,NEUTRAL,None
https://toolzum.com/health/baby-growth-percentile-calculator/,Crawled - currently not indexed,NEUTRAL,2026-08-01T21:05:07Z
https://toolzum.com/health/baby-sleep-schedule-calculator/,URL is unknown to Google,NEUTRAL,None
https://toolzum.com/health/child-height-predictor/,Crawled - currently not indexed,NEUTRAL,2026-09-07T01:14:38Z
https://toolzum.com/health/breastfeeding-calorie-calculator/,URL is unknown to Google,NEUTRAL,None
https://toolzum.com/health/cycling-calorie-calculator/,URL is unknown to Google,NEUTRAL,None
https://toolzum.com/health/calorie-calculator/,URL is unknown to Google,NEUTRAL,None
https://toolzum.com/health/keto-calculator/,URL is unknown to Google,NEUTRAL,None
https://toolzum.com/health/heart-rate-zone-calculator/,URL is unknown to Google,NEUTRAL,None
https://toolzum.com/health/body-surface-area-calculator/,URL is unknown to Google,NEUTRAL,None
https://toolzum.com/health/lean-body-mass-calculator/,URL is unknown to Google,NEUTRAL,None
https://toolzum.com/health/macro-calculator/,URL is unknown to Google,NEUTRAL,None
https://toolzum.com/health/protein-calculator/,URL is unknown to Google,NEUTRAL,None
https://toolzum.com/health/pregnancy-due-date-calculator/,URL is unknown to Google,NEUTRAL,None
https://toolzum.com/health/running-pace-calculator/,URL is unknown to Google,NEUTRAL,None
https://toolzum.com/health/water-intake-calculator/,URL is unknown to Google,NEUTRAL,None
https://toolzum.com/health/steps-to-calories-calculator/,URL is unknown to Google,NEUTRAL,None
https://toolzum.com/health/sleep-calculator/,URL is unknown to Google,NEUTRAL,None
https://toolzum.com/finance/simple-interest-calculator/,Crawled - currently not indexed,NEUTRAL,2026-07-23T09:03:13Z
https://toolzum.com/growth-metrics/seat-license-calculator/,URL is unknown to Google,NEUTRAL,None
https://toolzum.com/finance/savings-calculator/,Crawled - currently not indexed,NEUTRAL,2026-07-24T16:51:47Z
https://toolzum.com/developer/semver-calculator/,URL is unknown to Google,NEUTRAL,None
https://toolzum.com/calculator/standard-deviation-calculator/,Crawled - currently not indexed,NEUTRAL,2026-07-24T19:05:33Z
https://toolzum.com/finance/tds-calculator-india/,URL is unknown to Google,NEUTRAL,None
https://toolzum.com/finance/tax-calculator/,URL is unknown to Google,NEUTRAL,None
https://toolzum.com/growth-metrics/trial-conversion-calculator/,URL is unknown to Google,NEUTRAL,None
https://toolzum.com/developer/api-request-builder/,URL is unknown to Google,NEUTRAL,None
https://toolzum.com/developer/api-tester/,Crawled - currently not indexed,NEUTRAL,2026-07-24T13:48:01Z
https://toolzum.com/developer/api-response-formatter/,URL is unknown to Google,NEUTRAL,None
https://toolzum.com/developer/api-error-decoder/,Crawled - currently not indexed,NEUTRAL,2026-07-24T14:50:44Z
https://toolzum.com/developer/api-payload-analyzer/,Crawled - currently not indexed,NEUTRAL,2026-07-19T04:18:34Z
https://toolzum.com/developer/api-mock-server-config/,Crawled - currently not indexed,NEUTRAL,2026-08-04T11:18:25Z
https://toolzum.com/developer/mock-api-response-generator/,URL is unknown to Google,NEUTRAL,None
https://toolzum.com/developer/api-mock-data-generator/,URL is unknown to Google,NEUTRAL,None
https://toolzum.com/developer/api-latency-budget/,Crawled - currently not indexed,NEUTRAL,2026-08-25T22:39:05Z
https://toolzum.com/developer/api-pagination-calculator/,Crawled - currently not indexed,NEUTRAL,2026-07-24T01:31:06Z
https://toolzum.com/developer/api-key-hasher/,Crawled - currently not indexed,NEUTRAL,2026-07-24T03:28:57Z
https://toolzum.com/developer/api-key-validator/,Crawled - currently not indexed,NEUTRAL,2026-07-27T10:30:32Z
https://toolzum.com/developer/api-cost-estimator/,URL is unknown to Google,NEUTRAL,None
https://toolzum.com/developer/api-key-generator/,Crawled - currently not indexed,NEUTRAL,2026-07-22T09:30:12Z
https://toolzum.com/developer/api-gateway-rate-calculator/,Crawled - currently not indexed,NEUTRAL,2026-07-24T22:54:38Z
https://toolzum.com/developer/api-rate-limiter-calculator/,Crawled - currently not indexed,NEUTRAL,2026-07-25T07:39:40Z
https://toolzum.com/developer/api-changelog-generator/,Crawled - currently not indexed,NEUTRAL,2026-07-22T17:40:12Z
https://toolzum.com/developer/api-documentation-generator/,URL is unknown to Google,NEUTRAL,None
https://toolzum.com/developer/graphql-cost-estimator/,Crawled - currently not indexed,NEUTRAL,2026-07-25T00:42:51Z
https://toolzum.com/developer/rest-endpoint-documenter/,Crawled - currently not indexed,NEUTRAL,2026-08-26T12:10:00Z
https://toolzum.com/developer/graphql-query-formatter/,Crawled - currently not indexed,NEUTRAL,2026-07-28T18:57:50Z
https://toolzum.com/developer/graphql-schema-to-json-schema/,Crawled - currently not indexed,NEUTRAL,2026-08-01T03:00:33Z
https://toolzum.com/developer/graphql-schema-validator/,Crawled - currently not indexed,NEUTRAL,2026-07-24T22:13:12Z
https://toolzum.com/developer/graphql-subscription-builder/,Crawled - currently not indexed,NEUTRAL,2026-08-03T15:52:44Z
https://toolzum.com/developer/graphql-tester/,Crawled - currently not indexed,NEUTRAL,2026-08-01T00:44:12Z
https://toolzum.com/developer/graphql-variables-formatter/,URL is unknown to Google,NEUTRAL,None
https://toolzum.com/developer/grpc-status-code-lookup/,Crawled - currently not indexed,NEUTRAL,2026-09-15T12:09:55Z
https://toolzum.com/developer/soap-api-tester/,Crawled - currently not indexed,NEUTRAL,2026-07-30T17:51:55Z
https://toolzum.com/developer/openapi-mock-generator/,Crawled - currently not indexed,NEUTRAL,2026-07-23T02:41:06Z
https://toolzum.com/developer/openapi-to-postman/,URL is unknown to Google,NEUTRAL,None
https://toolzum.com/developer/openapi-validator/,Crawled - currently not indexed,NEUTRAL,2026-07-22T23:55:05Z
https://toolzum.com/developer/postman-collection-generator/,Crawled - currently not indexed,NEUTRAL,2026-07-24T12:30:01Z
https://toolzum.com/developer/postman-to-openapi-converter/,Crawled - currently not indexed,NEUTRAL,2026-07-28T23:12:21Z
https://toolzum.com/developer/swagger-openapi-generator/,Crawled - currently not indexed,NEUTRAL,2026-09-13T23:10:35Z
https://toolzum.com/developer/webhook-payload-generator/,Crawled - currently not indexed,NEUTRAL,2026-09-02T01:03:16Z
https://toolzum.com/developer/webhook-retry-config/,URL is unknown to Google,NEUTRAL,None
https://toolzum.com/developer/webhook-signature-verifier/,URL is unknown to Google,NEUTRAL,None
https://toolzum.com/developer/webhook-tester/,Crawled - currently not indexed,NEUTRAL,2026-09-05T00:58:21Z
https://toolzum.com/developer/webhook-validator/,Crawled - currently not indexed,NEUTRAL,2026-07-27T11:28:14Z
https://toolzum.com/developer/api-docs-generator/,URL is unknown to Google,NEUTRAL,None
https://toolzum.com/developer/conventional-commit-generator/,URL is unknown to Google,NEUTRAL,None
https://toolzum.com/developer/api-diff-checker/,Crawled - currently not indexed,NEUTRAL,2026-07-24T07:54:40Z
https://toolzum.com/developer/html-formatter/,Crawled - currently not indexed,NEUTRAL,2026-08-03T16:54:54Z
https://toolzum.com/developer/code-formatter/,URL is unknown to Google,NEUTRAL,None
https://toolzum.com/developer/javascript-formatter/,URL is unknown to Google,NEUTRAL,None
https://toolzum.com/developer/css-formatter/,Crawled - currently not indexed,NEUTRAL,2026-08-01T18:42:37Z
https://toolzum.com/developer/jsx-formatter/,URL is unknown to Google,NEUTRAL,None
https://toolzum.com/developer/tsx-formatter/,Crawled - currently not indexed,NEUTRAL,2026-07-27T09:39:51Z
https://toolzum.com/developer/scss-formatter/,URL is unknown to Google,NEUTRAL,None
https://toolzum.com/developer/python-formatter/,Crawled - currently not indexed,NEUTRAL,2026-08-04T18:52:30Z
https://toolzum.com/developer/yaml-formatter/,Crawled - currently not indexed,NEUTRAL,2026-08-26T18:29:11Z
https://toolzum.com/developer/xml-formatter/,Crawled - currently not indexed,NEUTRAL,2026-07-22T07:41:47Z
https://toolzum.com/developer/css-generator/,Crawled - currently not indexed,NEUTRAL,2026-07-27T10:01:41Z
https://toolzum.com/developer/markdown-formatter/,URL is unknown to Google,NEUTRAL,None
https://toolzum.com/developer/box-shadow-generator/,URL is unknown to Google,NEUTRAL,None
https://toolzum.com/developer/border-radius-generator/,Crawled - currently not indexed,NEUTRAL,2026-07-24T14:29:33Z
https://toolzum.com/developer/css-grid-generator/,Crawled - currently not indexed,NEUTRAL,2026-07-23T00:46:10Z
https://toolzum.com/developer/flexbox-css-generator/,Crawled - currently not indexed,NEUTRAL,2026-08-05T03:55:10Z
https://toolzum.com/developer/text-shadow-generator/,Crawled - currently not indexed,NEUTRAL,2026-08-26T03:55:09Z
https://toolzum.com/developer/css-transform-generator/,URL is unknown to Google,NEUTRAL,None
https://toolzum.com/developer/css-animation-generator/,Crawled - currently not indexed,NEUTRAL,2026-07-25T06:13:41Z
https://toolzum.com/developer/css-filter-generator/,URL is unknown to Google,NEUTRAL,None
https://toolzum.com/developer/encoder-decoder/,Crawled - currently not indexed,NEUTRAL,2026-09-04T02:24:36Z
https://toolzum.com/utility/csv-analyzer/,Crawled - currently not indexed,NEUTRAL,2026-08-01T02:05:21Z
https://toolzum.com/developer/json-path-query-builder/,Crawled - currently not indexed,NEUTRAL,2026-07-27T12:01:13Z
https://toolzum.com/developer/json-tree-viewer/,Crawled - currently not indexed,NEUTRAL,2026-08-22T17:57:35Z
https://toolzum.com/developer/json-diff-checker/,URL is unknown to Google,NEUTRAL,None
https://toolzum.com/utility/random-color-generator/,URL is unknown to Google,NEUTRAL,None
https://toolzum.com/utility/random-picker-generator/,URL is unknown to Google,NEUTRAL,None
https://toolzum.com/utility/random-team-generator/,URL is unknown to Google,NEUTRAL,None
https://toolzum.com/utility/random-decision-maker/,URL is unknown to Google,NEUTRAL,None
https://toolzum.com/developer/random-token-generator/,URL is unknown to Google,NEUTRAL,None
https://toolzum.com/utility/random-username-generator/,URL is unknown to Google,NEUTRAL,None
https://toolzum.com/developer/fake-data-generator/,URL is unknown to Google,NEUTRAL,None
https://toolzum.com/developer/fake-identity-generator/,Crawled - currently not indexed,NEUTRAL,2026-07-22T16:04:33Z
https://toolzum.com/developer/fake-credit-card-generator/,Crawled - currently not indexed,NEUTRAL,2026-07-24T19:55:04Z
https://toolzum.com/utility/sequence-generator/,URL is unknown to Google,NEUTRAL,None
https://toolzum.com/developer/dummy-text-generator/,Crawled - currently not indexed,NEUTRAL,2026-07-27T02:37:32Z
https://toolzum.com/developer/coupon-code-generator/,URL is unknown to Google,NEUTRAL,None
https://toolzum.com/developer/serial-number-generator/,URL is unknown to Google,NEUTRAL,None
https://toolzum.com/utility/nickname-generator/,URL is unknown to Google,NEUTRAL,None
https://toolzum.com/utility/timer/,Crawled - currently not indexed,NEUTRAL,2026-08-20T17:36:56Z
https://toolzum.com/utility/stopwatch/,Crawled - currently not indexed,NEUTRAL,2026-08-26T19:00:55Z
https://toolzum.com/design/avatar-generator/,URL is unknown to Google,NEUTRAL,None
https://toolzum.com/utility/countdown-tool/,Crawled - currently not indexed,NEUTRAL,2026-08-26T19:37:23Z
https://toolzum.com/utility/tabata-timer/,Crawled - currently not indexed,NEUTRAL,2026-09-14T23:49:48Z
https://toolzum.com/utility/interval-timer/,URL is unknown to Google,NEUTRAL,None
https://toolzum.com/utility/world-clock/,URL is unknown to Google,NEUTRAL,None
https://toolzum.com/calculator/time-duration-calculator/,URL is unknown to Google,NEUTRAL,None
https://toolzum.com/calculator/time-addition-calculator/,URL is unknown to Google,NEUTRAL,None
https://toolzum.com/calculator/time-until-calculator/,URL is unknown to Google,NEUTRAL,None
https://toolzum.com/seo/word-frequency-counter/,Crawled - currently not indexed,NEUTRAL,2026-07-27T00:26:19Z
https://toolzum.com/calculator/meeting-time-planner/,URL is unknown to Google,NEUTRAL,None
https://toolzum.com/seo/keyword-planner-tool/,Crawled - currently not indexed,NEUTRAL,2026-07-24T21:32:24Z
https://toolzum.com/seo/seo-meta-tag-generator/,Crawled - currently not indexed,NEUTRAL,2026-07-23T12:56:12Z
https://toolzum.com/seo/seo-preview-generator/,URL is unknown to Google,NEUTRAL,None
https://toolzum.com/seo/seo-headline-analyzer/,URL is unknown to Google,NEUTRAL,None
https://toolzum.com/seo/seo-schema-generator/,Crawled - currently not indexed,NEUTRAL,2026-07-24T22:37:53Z
https://toolzum.com/seo/seo-slug-generator/,URL is unknown to Google,NEUTRAL,None
https://toolzum.com/text/text-replacer/,Crawled - currently not indexed,NEUTRAL,2026-09-13T14:43:43Z
https://toolzum.com/text/text-sorter/,URL is unknown to Google,NEUTRAL,None
https://toolzum.com/text/text-deduplicator/,URL is unknown to Google,NEUTRAL,None
https://toolzum.com/converter/text-to-html-converter/,URL is unknown to Google,NEUTRAL,None
https://toolzum.com/converter/html-to-text-converter/,URL is unknown to Google,NEUTRAL,None
https://toolzum.com/text/markdown-previewer/,URL is unknown to Google,NEUTRAL,None
https://toolzum.com/design/color-picker/,URL is unknown to Google,NEUTRAL,None
https://toolzum.com/design/color-palette-generator/,URL is unknown to Google,NEUTRAL,None
https://toolzum.com/design/gradient-generator/,URL is unknown to Google,NEUTRAL,None
https://toolzum.com/utility/counter-tool/,Crawled - currently not indexed,NEUTRAL,2026-07-25T00:07:44Z
https://toolzum.com/utility/list-randomizer/,URL is unknown to Google,NEUTRAL,None
https://toolzum.com/utility/number-guessing-game/,Crawled - currently not indexed,NEUTRAL,2026-07-25T07:55:43Z
https://toolzum.com/utility/list-sorter/,Crawled - currently not indexed,NEUTRAL,2026-08-22T17:54:08Z
https://toolzum.com/utility/rock-paper-scissors/,Crawled - currently not indexed,NEUTRAL,2026-07-27T18:16:14Z
https://toolzum.com/utility/hangman-game/,URL is unknown to Google,NEUTRAL,None
https://toolzum.com/converter/roman-numeral-converter/,URL is unknown to Google,NEUTRAL,None
https://toolzum.com/utility/number-to-words-converter/,Crawled - currently not indexed,NEUTRAL,2026-09-14T01:16:38Z
https://toolzum.com/calculator/percentage-difference-calculator/,Crawled - currently not indexed,NEUTRAL,2026-07-27T07:45:16Z
https://toolzum.com/finance/tip-calculator/,Crawled - currently not indexed,NEUTRAL,2026-08-02T02:05:08Z
https://toolzum.com/finance/sales-tax-calculator/,URL is unknown to Google,NEUTRAL,None
https://toolzum.com/finance/markup-calculator/,URL is unknown to Google,NEUTRAL,None
https://toolzum.com/finance/cagr-calculator/,URL is unknown to Google,NEUTRAL,None
https://toolzum.com/calculator/fraction-to-decimal-calculator/,URL is unknown to Google,NEUTRAL,None
https://toolzum.com/calculator/decimal-to-fraction-calculator/,URL is unknown to Google,NEUTRAL,None
https://toolzum.com/calculator/combination-calculator/,URL is unknown to Google,NEUTRAL,None
https://toolzum.com/calculator/permutation-calculator/,Crawled - currently not indexed,NEUTRAL,2026-07-29T20:02:16Z
https://toolzum.com/calculator/factorial-calculator/,URL is unknown to Google,NEUTRAL,None
https://toolzum.com/calculator/prime-number-checker/,Crawled - currently not indexed,NEUTRAL,2026-09-09T00:29:33Z
https://toolzum.com/calculator/prime-factorization-calculator/,URL is unknown to Google,NEUTRAL,None
https://toolzum.com/calculator/greatest-common-factor-calculator/,URL is unknown to Google,NEUTRAL,None
https://toolzum.com/calculator/least-common-multiple-calculator/,URL is unknown to Google,NEUTRAL,None
https://toolzum.com/calculator/modulo-calculator/,URL is unknown to Google,NEUTRAL,None
https://toolzum.com/calculator/logarithm-calculator/,URL is unknown to Google,NEUTRAL,None
https://toolzum.com/calculator/degree-radian-converter/,URL is unknown to Google,NEUTRAL,None
https://toolzum.com/calculator/scientific-notation-converter/,URL is unknown to Google,NEUTRAL,None
https://toolzum.com/calculator/significant-figures-calculator/,URL is unknown to Google,NEUTRAL,None
https://toolzum.com/calculator/rounding-calculator/,URL is unknown to Google,NEUTRAL,None
https://toolzum.com/calculator/trigonometry-calculator/,URL is unknown to Google,NEUTRAL,None
https://toolzum.com/calculator/math-equation-solver/,URL is unknown to Google,NEUTRAL,None
https://toolzum.com/calculator/algebra-calculator/,URL is unknown to Google,NEUTRAL,None
https://toolzum.com/calculator/geometry-calculator/,URL is unknown to Google,NEUTRAL,None
https://toolzum.com/calculator/coordinate-calculator/,URL is unknown to Google,NEUTRAL,None
https://toolzum.com/calculator/slope-calculator/,URL is unknown to Google,NEUTRAL,None
https://toolzum.com/utility/speed-converter/,URL is unknown to Google,NEUTRAL,None
https://toolzum.com/utility/length-converter/,Crawled - currently not indexed,NEUTRAL,2026-07-27T00:55:11Z
https://toolzum.com/utility/weight-converter/,Crawled - currently not indexed,NEUTRAL,2026-07-27T06:18:04Z
https://toolzum.com/utility/volume-converter/,Crawled - currently not indexed,NEUTRAL,2026-08-25T14:03:21Z
https://toolzum.com/utility/area-converter/,Crawled - currently not indexed,NEUTRAL,2026-07-26T06:52:41Z
https://toolzum.com/utility/data-size-converter/,Crawled - currently not indexed,NEUTRAL,2026-07-23T09:25:09Z
https://toolzum.com/health/body-fat-calculator/,Crawled - currently not indexed,NEUTRAL,2026-07-24T10:50:45Z
https://toolzum.com/health/calorie-intake-calculator/,Crawled - currently not indexed,NEUTRAL,2026-07-25T11:03:49Z
https://toolzum.com/health/macro-split-calculator/,URL is unknown to Google,NEUTRAL,None
https://toolzum.com/health/sleep-requirement-calculator/,Crawled - currently not indexed,NEUTRAL,2026-08-01T13:17:25Z
https://toolzum.com/health/ideal-weight-calc/,Crawled - currently not indexed,NEUTRAL,2026-07-24T11:26:05Z
https://toolzum.com/health/steps-calculator/,Crawled - currently not indexed,NEUTRAL,2026-07-24T13:30:01Z
https://toolzum.com/health/calories-burned-calculator/,Crawled - currently not indexed,NEUTRAL,2026-07-24T11:03:59Z
https://toolzum.com/health/blood-alcohol-calculator/,Crawled - currently not indexed,NEUTRAL,2026-07-24T21:20:52Z
https://toolzum.com/health/ovulation-tracker/,Crawled - currently not indexed,NEUTRAL,2026-07-24T23:05:11Z
https://toolzum.com/calculator/date-difference-calculator/,Crawled - currently not indexed,NEUTRAL,2026-08-30T10:18:55Z
https://toolzum.com/calculator/date-addition-calculator/,URL is unknown to Google,NEUTRAL,None
https://toolzum.com/calculator/week-number-calculator/,URL is unknown to Google,NEUTRAL,None
https://toolzum.com/calculator/time-since-calculator/,URL is unknown to Google,NEUTRAL,None
https://toolzum.com/utility/time-zone-converter/,URL is unknown to Google,NEUTRAL,None
https://toolzum.com/calculator/daylight-saving-time-checker/,URL is unknown to Google,NEUTRAL,None
https://toolzum.com/calculator/work-hours-calculator/,Crawled - currently not indexed,NEUTRAL,2026-08-01T02:58:33Z
https://toolzum.com/calculator/hours-minutes-calculator/,URL is unknown to Google,NEUTRAL,None
https://toolzum.com/developer/password-entropy-calculator/,Crawled - currently not indexed,NEUTRAL,2026-08-03T18:32:28Z
https://toolzum.com/developer/two-factor-auth-generator/,Crawled - currently not indexed,NEUTRAL,2026-07-24T14:05:41Z
https://toolzum.com/developer/brute-force-time-estimator/,URL is unknown to Google,NEUTRAL,None
https://toolzum.com/developer/hash-verifier/,Crawled - currently not indexed,NEUTRAL,2026-07-27T11:54:03Z
https://toolzum.com/developer/hash-password-generator/,Crawled - currently not indexed,NEUTRAL,2026-08-01T15:22:24Z
https://toolzum.com/developer/hash-file-generator/,Crawled - currently not indexed,NEUTRAL,2026-08-25T00:57:27Z
https://toolzum.com/developer/hmac-generator/,Crawled - currently not indexed,NEUTRAL,2026-07-24T18:52:31Z
https://toolzum.com/developer/ssl-tls-checker/,Crawled - currently not indexed,NEUTRAL,2026-07-23T07:43:25Z
https://toolzum.com/developer/http-security-checker/,Crawled - currently not indexed,NEUTRAL,2026-07-24T06:48:16Z
https://toolzum.com/developer/content-security-policy-generator/,Crawled - currently not indexed,NEUTRAL,2026-07-26T13:49:06Z
https://toolzum.com/developer/jwt-inspector/,URL is unknown to Google,NEUTRAL,None
https://toolzum.com/developer/subnet-calculator/,URL is unknown to Google,NEUTRAL,None
https://toolzum.com/developer/subnet-visualizer/,URL is unknown to Google,NEUTRAL,None
https://toolzum.com/developer/ip-address-converter/,URL is unknown to Google,NEUTRAL,None
https://toolzum.com/developer/ip-range-expander/,Crawled - currently not indexed,NEUTRAL,2026-07-23T17:01:14Z
https://toolzum.com/developer/ipv6-ula-generator/,Crawled - currently not indexed,NEUTRAL,2026-10-05T11:50:40Z
https://toolzum.com/developer/cors-inspector/,Crawled - currently not indexed,NEUTRAL,2026-07-29T13:42:49Z
https://toolzum.com/developer/dns-lookup-generator/,Crawled - currently not indexed,NEUTRAL,2026-07-19T05:34:06Z
https://toolzum.com/developer/cors-header-generator/,URL is unknown to Google,NEUTRAL,None
https://toolzum.com/developer/env-file-generator/,Crawled - currently not indexed,NEUTRAL,2026-07-27T10:47:51Z
https://toolzum.com/developer/env-file-parser/,URL is unknown to Google,NEUTRAL,None
https://toolzum.com/developer/cve-lookup/,URL is unknown to Google,NEUTRAL,None
https://toolzum.com/developer/xss-protection-checker/,Crawled - currently not indexed,NEUTRAL,2026-07-25T09:54:20Z
https://toolzum.com/developer/sql-injection-detector/,URL is unknown to Google,NEUTRAL,None
https://toolzum.com/developer/csrf-token-generator/,Crawled - currently not indexed,NEUTRAL,2026-08-03T21:21:59Z
https://toolzum.com/developer/oauth2-debugger/,URL is unknown to Google,NEUTRAL,None
https://toolzum.com/developer/saml-decoder/,Crawled - currently not indexed,NEUTRAL,2026-07-24T10:06:21Z
https://toolzum.com/developer/csp-policy-validator/,Crawled - currently not indexed,NEUTRAL,2026-08-26T01:54:06Z
https://toolzum.com/developer/ip-reputation-checker/,URL is unknown to Google,NEUTRAL,None
https://toolzum.com/developer/tls-cipher-checker/,Crawled - currently not indexed,NEUTRAL,2026-07-27T11:39:48Z
https://toolzum.com/developer/url-sanitizer/,URL is unknown to Google,NEUTRAL,None
https://toolzum.com/developer/ssl-certificate-decoder/,Crawled - currently not indexed,NEUTRAL,2026-09-13T04:36:49Z
https://toolzum.com/developer/subdomain-finder/,Crawled - currently not indexed,NEUTRAL,2026-07-29T15:36:41Z
https://toolzum.com/developer/email-format-validator/,Crawled - currently not indexed,NEUTRAL,2026-07-25T10:29:58Z
https://toolzum.com/developer/syntax-validator/,Crawled - currently not indexed,NEUTRAL,2026-07-25T09:28:47Z
https://toolzum.com/growth-metrics/acv-calculator/,URL is unknown to Google,NEUTRAL,None
https://toolzum.com/developer/git-commit-linter/,Crawled - currently not indexed,NEUTRAL,2026-10-03T03:24:30Z
https://toolzum.com/text/ascii-table-generator/,Crawled - currently not indexed,NEUTRAL,2026-07-23T15:52:05Z
https://toolzum.com/developer/gitignore-generator/,Crawled - currently not indexed,NEUTRAL,2026-09-15T12:03:52Z
https://toolzum.com/growth-metrics/saas-quick-ratio/,URL is unknown to Google,NEUTRAL,None
https://toolzum.com/growth-metrics/saas-rule-of-40/,URL is unknown to Google,NEUTRAL,None
https://toolzum.com/developer/swift-formatter/,URL is unknown to Google,NEUTRAL,None
https://toolzum.com/growth-metrics/saas-payback-period/,URL is unknown to Google,NEUTRAL,None
https://toolzum.com/pdf/pdf-to-txt/,URL is unknown to Google,NEUTRAL,None
https://toolzum.com/utility/temperature-converter/,URL is unknown to Google,NEUTRAL,None
https://toolzum.com/converter/csv-to-sqlite/,URL is unknown to Google,NEUTRAL,None
https://toolzum.com/design/vector-pen-canvas/,URL is unknown to Google,NEUTRAL,None
https://toolzum.com/developer/http-header-analyzer/,Crawled - currently not indexed,NEUTRAL,2026-07-30T03:53:02Z
https://toolzum.com/developer/aes-encrypt/,Crawled - currently not indexed,NEUTRAL,2026-07-23T08:09:16Z
https://toolzum.com/developer/http-headers-generator/,Submitted and indexed,PASS,2026-07-24T07:33:15Z
https://toolzum.com/developer/http-cache-header-generator/,Crawled - currently not indexed,NEUTRAL,2026-10-01T02:00:53Z
https://toolzum.com/developer/http-status-code-checker/,Crawled - currently not indexed,NEUTRAL,2026-07-24T12:22:31Z
https://toolzum.com/developer/eslint-config-generator/,URL is unknown to Google,NEUTRAL,None
https://toolzum.com/developer/http-retry-policy-builder/,Crawled - currently not indexed,NEUTRAL,2026-07-23T11:13:44Z
https://toolzum.com/calculator/triangle-area-calculator/,Crawled - currently not indexed,NEUTRAL,2026-07-23T12:45:54Z
https://toolzum.com/calculator/gas-mileage-calculator/,Crawled - currently not indexed,NEUTRAL,2026-07-24T13:18:01Z
https://toolzum.com/health/calorie-tracker/,URL is unknown to Google,NEUTRAL,None
https://toolzum.com/health/waist-to-hip-ratio-calculator/,Crawled - currently not indexed,NEUTRAL,2026-07-24T18:40:42Z
https://toolzum.com/converter/tsv-csv-converter/,URL is unknown to Google,NEUTRAL,None
https://toolzum.com/converter/json-toon-converter/,Crawled - currently not indexed,NEUTRAL,2026-07-23T10:13:08Z
https://toolzum.com/converter/csv-data-cleaner/,URL is unknown to Google,NEUTRAL,None
https://toolzum.com/converter/csv-statistics/,URL is unknown to Google,NEUTRAL,None
https://toolzum.com/converter/csv-html-table-converter/,Crawled - currently not indexed,NEUTRAL,2026-07-27T12:11:55Z
https://toolzum.com/text/duplicate-word-remover/,URL is unknown to Google,NEUTRAL,None
https://toolzum.com/developer/yaml-validator/,Crawled - currently not indexed,NEUTRAL,2026-07-23T16:56:13Z
https://toolzum.com/text/text-cleaner/,URL is unknown to Google,NEUTRAL,None
https://toolzum.com/text/text-splitter/,URL is unknown to Google,NEUTRAL,None
https://toolzum.com/developer/trailing-space-remover/,URL is unknown to Google,NEUTRAL,None
https://toolzum.com/seo/canonical-url-checker/,URL is unknown to Google,NEUTRAL,None
https://toolzum.com/seo/breadcrumb-schema-generator/,URL is unknown to Google,NEUTRAL,None
https://toolzum.com/seo/utm-builder/,Crawled - currently not indexed,NEUTRAL,2026-07-27T12:22:37Z
https://toolzum.com/developer/port-number-lookup/,URL is unknown to Google,NEUTRAL,None
https://toolzum.com/developer/user-agent-parser/,URL is unknown to Google,NEUTRAL,None
https://toolzum.com/developer/query-string-parser/,Crawled - currently not indexed,NEUTRAL,2026-09-04T02:00:31Z
https://toolzum.com/developer/sse-event-formatter/,URL is unknown to Google,NEUTRAL,None
https://toolzum.com/developer/rate-limit-header-parser/,URL is unknown to Google,NEUTRAL,None
https://toolzum.com/developer/pricing-tier-builder/,URL is unknown to Google,NEUTRAL,None
https://toolzum.com/developer/ssh-key-generator/,URL is unknown to Google,NEUTRAL,None
https://toolzum.com/developer/secret-scanner/,Crawled - currently not indexed,NEUTRAL,2026-08-03T08:29:46Z
https://toolzum.com/developer/security-txt-generator/,URL is unknown to Google,NEUTRAL,None
https://toolzum.com/developer/robots-txt-validator/,URL is unknown to Google,NEUTRAL,None
https://toolzum.com/developer/dns-record-validator/,URL is unknown to Google,NEUTRAL,None
https://toolzum.com/developer/docker-compose-validator/,URL is unknown to Google,NEUTRAL,None
https://toolzum.com/developer/dockerfile-linter/,Crawled - currently not indexed,NEUTRAL,2026-07-28T16:23:51Z
https://toolzum.com/developer/htaccess-validator/,Crawled - currently not indexed,NEUTRAL,2026-09-14T15:57:42Z
https://toolzum.com/developer/kubernetes-yaml-validator/,URL is unknown to Google,NEUTRAL,None
https://toolzum.com/developer/github-actions-validator/,Crawled - currently not indexed,NEUTRAL,2026-07-29T05:17:27Z
https://toolzum.com/developer/geojson-validator/,Crawled - currently not indexed,NEUTRAL,2026-09-12T17:59:53Z
https://toolzum.com/developer/rss-feed-validator/,URL is unknown to Google,NEUTRAL,None
https://toolzum.com/developer/sitemap-validator/,Crawled - currently not indexed,NEUTRAL,2026-09-18T12:44:06Z
https://toolzum.com/developer/xpath-validator/,URL is unknown to Google,NEUTRAL,None
https://toolzum.com/developer/cron-expression-validator/,URL is unknown to Google,NEUTRAL,None
https://toolzum.com/utility/random-date-generator/,Crawled - currently not indexed,NEUTRAL,2026-08-02T20:24:43Z
https://toolzum.com/utility/random-time-generator/,Crawled - currently not indexed,NEUTRAL,2026-09-09T05:07:50Z
https://toolzum.com/developer/random-ip-generator/,Crawled - currently not indexed,NEUTRAL,2026-08-02T09:08:52Z
https://toolzum.com/developer/random-user-agent-generator/,Crawled - currently not indexed,NEUTRAL,2026-08-22T20:29:23Z
https://toolzum.com/utility/random-sentence-generator/,URL is unknown to Google,NEUTRAL,None
https://toolzum.com/utility/random-word-generator/,URL is unknown to Google,NEUTRAL,None
https://toolzum.com/developer/pin-generator/,Crawled - currently not indexed,NEUTRAL,2026-08-25T07:37:29Z
https://toolzum.com/design/image-placeholder-generator/,URL is unknown to Google,NEUTRAL,None
https://toolzum.com/design/logo-placeholder-generator/,URL is unknown to Google,NEUTRAL,None
https://toolzum.com/developer/license-key-generator/,URL is unknown to Google,NEUTRAL,None
https://toolzum.com/developer/oauth-pkce-generator/,Crawled - currently not indexed,NEUTRAL,2026-08-25T22:35:49Z
https://toolzum.com/utility/cooking-measurement-converter/,URL is unknown to Google,NEUTRAL,None
https://toolzum.com/developer/open-graph-generator/,URL is unknown to Google,NEUTRAL,None
https://toolzum.com/utility/fuel-consumption-converter/,URL is unknown to Google,NEUTRAL,None
https://toolzum.com/utility/paper-size-converter/,URL is unknown to Google,NEUTRAL,None
https://toolzum.com/utility/clothing-size-converter/,URL is unknown to Google,NEUTRAL,None
https://toolzum.com/developer/avro-schema-generator/,Crawled - currently not indexed,NEUTRAL,2026-08-04T15:19:29Z
https://toolzum.com/developer/large-text-viewer/,URL is unknown to Google,NEUTRAL,None
https://toolzum.com/utility/ical-event-generator/,Crawled - currently not indexed,NEUTRAL,2026-08-26T07:02:27Z
https://toolzum.com/utility/column-extractor/,URL is unknown to Google,NEUTRAL,None
https://toolzum.com/utility/column-renamer/,Crawled - currently not indexed,NEUTRAL,2026-10-01T16:25:25Z
https://toolzum.com/converter/data-type-converter/,URL is unknown to Google,NEUTRAL,None
https://toolzum.com/utility/deduplicator/,Crawled - currently not indexed,NEUTRAL,2026-07-24T19:11:40Z
https://toolzum.com/utility/format-validator/,URL is unknown to Google,NEUTRAL,None
https://toolzum.com/developer/avro-to-json-sample/,Crawled - currently not indexed,NEUTRAL,2026-08-03T07:14:01Z
https://toolzum.com/utility/csv-merger/,URL is unknown to Google,NEUTRAL,None
https://toolzum.com/utility/null-value-handler/,Crawled - currently not indexed,NEUTRAL,2026-07-29T17:57:16Z
https://toolzum.com/utility/row-filter/,Crawled - currently not indexed,NEUTRAL,2026-08-02T22:19:45Z
https://toolzum.com/utility/csv-row-sorter/,Crawled - currently not indexed,NEUTRAL,2026-08-24T09:18:11Z
https://toolzum.com/utility/pivot-generator/,URL is unknown to Google,NEUTRAL,None
https://toolzum.com/utility/csv-splitter/,URL is unknown to Google,NEUTRAL,None
https://toolzum.com/utility/csv-transpose/,URL is unknown to Google,NEUTRAL,None
https://toolzum.com/converter/csv-to-markdown/,Crawled - currently not indexed,NEUTRAL,2026-07-30T15:56:55Z
https://toolzum.com/converter/csv-to-sql/,URL is unknown to Google,NEUTRAL,None
https://toolzum.com/converter/csv-to-ndjson/,URL is unknown to Google,NEUTRAL,None
https://toolzum.com/developer/json-escape-unescape/,URL is unknown to Google,NEUTRAL,None
https://toolzum.com/developer/json-flattener/,URL is unknown to Google,NEUTRAL,None
https://toolzum.com/developer/json-ld-generator/,Crawled - currently not indexed,NEUTRAL,2026-10-03T12:46:57Z
https://toolzum.com/developer/merge-patch-generator/,Crawled - currently not indexed,NEUTRAL,2026-08-27T05:09:00Z
https://toolzum.com/developer/json-schema-generator/,Crawled - currently not indexed,NEUTRAL,2026-09-14T16:27:43Z
https://toolzum.com/developer/json-size-analyzer/,URL is unknown to Google,NEUTRAL,None
https://toolzum.com/developer/jwk-generator/,Crawled - currently not indexed,NEUTRAL,2026-08-30T09:32:56Z
https://toolzum.com/developer/json-to-zod/,Crawled - currently not indexed,NEUTRAL,2026-07-27T12:15:30Z
https://toolzum.com/developer/jsonl-formatter/,URL is unknown to Google,NEUTRAL,None
https://toolzum.com/developer/ndjson-to-json/,URL is unknown to Google,NEUTRAL,None
https://toolzum.com/utility/csv-json-row-generator/,URL is unknown to Google,NEUTRAL,None
https://toolzum.com/developer/json-to-url-params/,URL is unknown to Google,NEUTRAL,None
https://toolzum.com/developer/glassmorphism-generator/,URL is unknown to Google,NEUTRAL,None
https://toolzum.com/developer/neumorphism-generator/,Crawled - currently not indexed,NEUTRAL,2026-08-30T04:39:53Z
https://toolzum.com/developer/css-specificity-calculator/,URL is unknown to Google,NEUTRAL,None
https://toolzum.com/converter/css-to-scss-converter/,Crawled - currently not indexed,NEUTRAL,2026-07-29T16:26:41Z
https://toolzum.com/developer/css-validator/,URL is unknown to Google,NEUTRAL,None
https://toolzum.com/developer/code-to-curl-parser/,URL is unknown to Google,NEUTRAL,None
https://toolzum.com/developer/code-obfuscator/,URL is unknown to Google,NEUTRAL,None
https://toolzum.com/developer/js-syntax-checker/,Crawled - currently not indexed,NEUTRAL,2026-08-22T17:59:56Z
https://toolzum.com/developer/pug-to-html-converter/,URL is unknown to Google,NEUTRAL,None
https://toolzum.com/converter/text-tools/,Crawled - currently not indexed,NEUTRAL,2026-08-30T08:38:54Z
https://toolzum.com/converter/less-to-css-converter/,URL is unknown to Google,NEUTRAL,None
https://toolzum.com/developer/json-formatter-tool/,URL is unknown to Google,NEUTRAL,None
https://toolzum.com/converter/import-to-csv/,URL is unknown to Google,NEUTRAL,None
https://toolzum.com/converter/csv-formatter/,Not found (404),NEUTRAL,2026-07-29T04:13:07Z
https://toolzum.com/design/color-blindness-simulator/,Not found (404),NEUTRAL,2026-07-23T12:49:55Z
https://toolzum.com/converter/yaml-to-toon/,URL is unknown to Google,NEUTRAL,None
https://toolzum.com/converter/toon-to-json/,URL is unknown to Google,NEUTRAL,None
https://toolzum.com/converter/toon-to-yaml/,Page with redirect,NEUTRAL,2026-07-28T03:08:49Z
https://toolzum.com/video/mkv-to-webm/,Crawled - currently not indexed,NEUTRAL,2026-08-27T02:35:00Z
https://toolzum.com/video/mkv-to-avi/,URL is unknown to Google,NEUTRAL,None
https://toolzum.com/video/mp4-to-webm/,URL is unknown to Google,NEUTRAL,None
https://toolzum.com/video/mp4-to-avi/,Crawled - currently not indexed,NEUTRAL,2026-08-02T19:09:43Z
https://toolzum.com/video/mov-to-webm/,Crawled - currently not indexed,NEUTRAL,2026-08-28T19:01:38Z
https://toolzum.com/video/mov-to-avi/,Crawled - currently not indexed,NEUTRAL,2026-07-23T23:08:14Z
https://toolzum.com/video/webm-to-mkv/,URL is unknown to Google,NEUTRAL,None
https://toolzum.com/video/webm-to-mov/,URL is unknown to Google,NEUTRAL,None
https://toolzum.com/video/webm-to-avi/,URL is unknown to Google,NEUTRAL,None
https://toolzum.com/video/avi-to-mkv/,Crawled - currently not indexed,NEUTRAL,2026-08-01T02:05:20Z
https://toolzum.com/video/avi-to-webm/,Crawled - currently not indexed,NEUTRAL,2026-09-28T11:22:16Z
https://toolzum.com/video/avi-to-mov/,URL is unknown to Google,NEUTRAL,None
https://toolzum.com/image/jpg-to-png/,URL is unknown to Google,NEUTRAL,None
https://toolzum.com/image/png-to-webp/,Crawled - currently not indexed,NEUTRAL,2026-08-30T05:17:09Z
https://toolzum.com/image/jpg-to-webp/,URL is unknown to Google,NEUTRAL,None
https://toolzum.com/image/webp-to-png/,URL is unknown to Google,NEUTRAL,None
https://toolzum.com/image/png-to-avif/,Crawled - currently not indexed,NEUTRAL,2026-09-14T03:09:10Z
https://toolzum.com/image/png-to-heic/,URL is unknown to Google,NEUTRAL,None
https://toolzum.com/image/jpg-to-avif/,Crawled - currently not indexed,NEUTRAL,2026-08-15T21:35:37Z
https://toolzum.com/image/png-to-bmp/,Crawled - currently not indexed,NEUTRAL,2026-09-03T21:04:38Z
https://toolzum.com/image/png-to-tiff/,Crawled - currently not indexed,NEUTRAL,2026-08-04T21:06:34Z
https://toolzum.com/image/png-to-ico/,URL is unknown to Google,NEUTRAL,None
https://toolzum.com/image/jpg-to-heic/,Crawled - currently not indexed,NEUTRAL,2026-09-09T11:06:35Z
https://toolzum.com/image/jpg-to-svg/,URL is unknown to Google,NEUTRAL,None
https://toolzum.com/image/jpg-to-bmp/,Crawled - currently not indexed,NEUTRAL,2026-08-03T05:09:43Z
https://toolzum.com/image/heic-to-png/,URL is unknown to Google,NEUTRAL,None
https://toolzum.com/image/jpg-to-tiff/,Crawled - currently not indexed,NEUTRAL,2026-07-31T18:29:12Z
https://toolzum.com/image/jpg-to-ico/,Crawled - currently not indexed,NEUTRAL,2026-08-26T14:14:16Z
https://toolzum.com/image/webp-to-svg/,Crawled - currently not indexed,NEUTRAL,2026-08-07T01:21:13Z
https://toolzum.com/image/webp-to-heic/,Crawled - currently not indexed,NEUTRAL,2026-08-04T21:15:57Z
https://toolzum.com/image/webp-to-bmp/,Crawled - currently not indexed,NEUTRAL,2026-08-03T23:41:36Z
https://toolzum.com/image/webp-to-tiff/,URL is unknown to Google,NEUTRAL,None
https://toolzum.com/image/webp-to-ico/,Submitted and indexed,PASS,2026-07-23T04:30:11Z
https://toolzum.com/image/webp-to-jxl/,Crawled - currently not indexed,NEUTRAL,2026-08-03T07:01:30Z
https://toolzum.com/image/heic-to-svg/,URL is unknown to Google,NEUTRAL,None
https://toolzum.com/image/heic-to-tiff/,URL is unknown to Google,NEUTRAL,None
https://toolzum.com/image/heic-to-bmp/,Crawled - currently not indexed,NEUTRAL,2026-08-03T23:04:05Z
https://toolzum.com/image/heic-to-ico/,Crawled - currently not indexed,NEUTRAL,2026-09-13T15:33:31Z
https://toolzum.com/image/heic-to-jxl/,URL is unknown to Google,NEUTRAL,None
https://toolzum.com/image/avif-to-heic/,URL is unknown to Google,NEUTRAL,None
https://toolzum.com/image/avif-to-webp/,URL is unknown to Google,NEUTRAL,None
https://toolzum.com/image/avif-to-svg/,URL is unknown to Google,NEUTRAL,None
https://toolzum.com/image/avif-to-bmp/,URL is unknown to Google,NEUTRAL,None
https://toolzum.com/image/avif-to-gif/,URL is unknown to Google,NEUTRAL,None
https://toolzum.com/image/avif-to-tiff/,URL is unknown to Google,NEUTRAL,None
https://toolzum.com/image/avif-to-ico/,Crawled - currently not indexed,NEUTRAL,2026-07-28T13:08:20Z
https://toolzum.com/image/avif-to-jxl/,Crawled - currently not indexed,NEUTRAL,2026-07-23T11:48:22Z
https://toolzum.com/image/svg-to-heic/,URL is unknown to Google,NEUTRAL,None
https://toolzum.com/image/svg-to-bmp/,Crawled - currently not indexed,NEUTRAL,2026-09-11T03:14:52Z
https://toolzum.com/image/svg-to-tiff/,Crawled - currently not indexed,NEUTRAL,2026-08-22T02:54:00Z
https://toolzum.com/image/svg-to-ico/,URL is unknown to Google,NEUTRAL,None
https://toolzum.com/image/svg-to-jxl/,URL is unknown to Google,NEUTRAL,None
https://toolzum.com/image/bmp-to-heic/,Crawled - currently not indexed,NEUTRAL,2026-08-03T07:57:55Z
https://toolzum.com/image/bmp-to-svg/,URL is unknown to Google,NEUTRAL,None
https://toolzum.com/image/bmp-to-tiff/,URL is unknown to Google,NEUTRAL,None
https://toolzum.com/image/bmp-to-ico/,Crawled - currently not indexed,NEUTRAL,2026-09-18T07:01:45Z
https://toolzum.com/image/bmp-to-jxl/,Crawled - currently not indexed,NEUTRAL,2026-08-22T01:12:56Z
https://toolzum.com/image/tiff-to-heic/,URL is unknown to Google,NEUTRAL,None
https://toolzum.com/image/tiff-to-svg/,URL is unknown to Google,NEUTRAL,None
https://toolzum.com/image/tiff-to-ico/,URL is unknown to Google,NEUTRAL,None
https://toolzum.com/image/tiff-to-bmp/,Crawled - currently not indexed,NEUTRAL,2026-09-13T16:36:29Z
https://toolzum.com/image/tiff-to-jxl/,Crawled - currently not indexed,NEUTRAL,2026-07-27T12:59:30Z
https://toolzum.com/image/gif-to-heic/,URL is unknown to Google,NEUTRAL,None
https://toolzum.com/image/gif-to-svg/,Crawled - currently not indexed,NEUTRAL,2026-08-29T00:01:34Z
https://toolzum.com/image/gif-to-bmp/,Crawled - currently not indexed,NEUTRAL,2026-08-01T19:57:37Z
https://toolzum.com/image/gif-to-ico/,Crawled - currently not indexed,NEUTRAL,2026-08-04T20:47:49Z
https://toolzum.com/image/gif-to-tiff/,Crawled - currently not indexed,NEUTRAL,2026-08-22T07:12:07Z
https://toolzum.com/image/gif-to-jxl/,URL is unknown to Google,NEUTRAL,None
https://toolzum.com/image/ico-to-heic/,URL is unknown to Google,NEUTRAL,None
https://toolzum.com/image/ico-to-avif/,URL is unknown to Google,NEUTRAL,None
https://toolzum.com/image/ico-to-svg/,URL is unknown to Google,NEUTRAL,None
https://toolzum.com/image/ico-to-bmp/,Crawled - currently not indexed,NEUTRAL,2026-08-22T05:11:38Z
https://toolzum.com/image/ico-to-tiff/,Crawled - currently not indexed,NEUTRAL,2026-08-19T22:58:47Z
https://toolzum.com/image/ico-to-gif/,Crawled - currently not indexed,NEUTRAL,2026-07-29T00:57:21Z
https://toolzum.com/image/ico-to-jxl/,Crawled - currently not indexed,NEUTRAL,2026-08-03T07:26:31Z
https://toolzum.com/image/jxl-to-heic/,Crawled - currently not indexed,NEUTRAL,2026-08-30T08:16:51Z
https://toolzum.com/image/jxl-to-avif/,Crawled - currently not indexed,NEUTRAL,2026-07-24T16:24:19Z
https://toolzum.com/image/jxl-to-bmp/,URL is unknown to Google,NEUTRAL,None
https://toolzum.com/image/jxl-to-svg/,Crawled - currently not indexed,NEUTRAL,2026-08-27T03:30:00Z
https://toolzum.com/image/jxl-to-tiff/,Crawled - currently not indexed,NEUTRAL,2026-08-27T08:41:05Z
https://toolzum.com/image/jxl-to-ico/,URL is unknown to Google,NEUTRAL,None
https://toolzum.com/converter/json-to-yaml-converter/,Crawled - currently not indexed,NEUTRAL,2026-08-01T02:08:29Z
https://toolzum.com/video/subtitle-generator/,Crawled - currently not indexed,NEUTRAL,2026-08-29T11:31:43Z
https://toolzum.com/converter/json-to-ini-converter/,URL is unknown to Google,NEUTRAL,None
https://toolzum.com/converter/json-to-toml-converter/,Crawled - currently not indexed,NEUTRAL,2026-08-01T02:16:39Z
https://toolzum.com/converter/css-to-less-converter/,Crawled - currently not indexed,NEUTRAL,2026-08-01T02:19:46Z
https://toolzum.com/converter/css-to-stylus-converter/,Crawled - currently not indexed,NEUTRAL,2026-08-22T05:00:49Z
https://toolzum.com/utility/bulk-url-shortener/,URL is unknown to Google,NEUTRAL,None
https://toolzum.com/text/small-text-generator/,URL is unknown to Google,NEUTRAL,None
https://toolzum.com/text/big-text-generator/,URL is unknown to Google,NEUTRAL,None
https://toolzum.com/text/text-repeater/,URL is unknown to Google,NEUTRAL,None
https://toolzum.com/text/writing-tools/,URL is unknown to Google,NEUTRAL,None
https://toolzum.com/text/glitch-text/,URL is unknown to Google,NEUTRAL,None
https://toolzum.com/text/text-reverser/,URL is unknown to Google,NEUTRAL,None
https://toolzum.com/text/citation-generator/,URL is unknown to Google,NEUTRAL,None
https://toolzum.com/text/upside-down-text/,URL is unknown to Google,NEUTRAL,None
https://toolzum.com/text/invisible-character/,URL is unknown to Google,NEUTRAL,None
https://toolzum.com/converter/nato-phonetic-converter/,URL is unknown to Google,NEUTRAL,None
https://toolzum.com/utility/unicode-viewer/,URL is unknown to Google,NEUTRAL,None
https://toolzum.com/converter/markdown-to-html/,URL is unknown to Google,NEUTRAL,None
https://toolzum.com/converter/html-to-markdown/,URL is unknown to Google,NEUTRAL,None
https://toolzum.com/converter/text-to-markdown/,URL is unknown to Google,NEUTRAL,None
https://toolzum.com/converter/markdown-to-text/,URL is unknown to Google,NEUTRAL,None
